-- --------------------------------------------------------
-- 호스트:                          k4c106.p.ssafy.io
-- 서버 버전:                        10.5.9-MariaDB-1:10.5.9+maria~focal - mariadb.org binary distribution
-- 서버 OS:                        debian-linux-gnu
-- HeidiSQL 버전:                  11.1.0.6116
-- --------------------------------------------------------

/*!40101 SET @OLD_CHARACTER_SET_CLIENT=@@CHARACTER_SET_CLIENT */;
/*!40101 SET NAMES utf8 */;
/*!50503 SET NAMES utf8mb4 */;
/*!40014 SET @OLD_FOREIGN_KEY_CHECKS=@@FOREIGN_KEY_CHECKS, FOREIGN_KEY_CHECKS=0 */;
/*!40101 SET @OLD_SQL_MODE=@@SQL_MODE, SQL_MODE='NO_AUTO_VALUE_ON_ZERO' */;
/*!40111 SET @OLD_SQL_NOTES=@@SQL_NOTES, SQL_NOTES=0 */;


-- pet 데이터베이스 구조 내보내기
CREATE DATABASE IF NOT EXISTS `pet` /*!40100 DEFAULT CHARACTER SET utf8 */;
USE `pet`;

-- 테이블 pet.Allergy 구조 내보내기
CREATE TABLE IF NOT EXISTS `Allergy` (
  `aid` int(11) NOT NULL AUTO_INCREMENT,
  `peid` char(13) DEFAULT NULL,
  `al_name` varchar(50) DEFAULT NULL,
  `al_flag` tinyint(4) DEFAULT 0,
  PRIMARY KEY (`aid`),
  KEY `FK1_Pet_Allergy` (`peid`),
  CONSTRAINT `FK1_Pet_Allergy` FOREIGN KEY (`peid`) REFERENCES `Pet` (`peid`) ON DELETE CASCADE ON UPDATE CASCADE
) ENGINE=InnoDB AUTO_INCREMENT=60 DEFAULT CHARSET=utf8;

-- 테이블 데이터 pet.Allergy:~46 rows (대략적) 내보내기
/*!40000 ALTER TABLE `Allergy` DISABLE KEYS */;
INSERT IGNORE INTO `Allergy` (`aid`, `peid`, `al_name`, `al_flag`) VALUES
	(3, 'k9n3q2m5c1o8r', '1', 1),
	(4, 'k9n3q2m5c1o8r', '2', 1),
	(5, 'k9n3q2m5c1o8r', '3', 1),
	(12, 'v4w9f5p2b7c2n', '토마토', 1),
	(13, 'v4w9f5p2b7c2n', '호박', 1),
	(14, 'v4w9f5p2b7c2n', '토마토', 1),
	(15, 'v4w9f5p2b7c2n', '토마토', 1),
	(16, 'v4w9f5p2b7c2n', '토마토', 1),
	(17, 'k9n3q2m5c1o8r', '1', 0),
	(18, 'k9n3q2m5c1o8r', '2', 0),
	(19, 'v4w9f5p2b7c2n', '토마토', 1),
	(20, 'v4w9f5p2b7c2n', '토마토', 1),
	(21, 'b6h4q2a3u5w8u', 'ㅓㅓㅓㅓ', 0),
	(22, 'b6h4q2a3u5w8u', 'ㅓ', 0),
	(23, 'e7e2l7s5e3l6m', '땅콩', 1),
	(24, 'e7e2l7s5e3l6m', '시금치', 1),
	(25, 'e7e2l7s5e3l6m', '땅콩', 1),
	(26, 'e7e2l7s5e3l6m', '시금치', 1),
	(27, 'e7e2l7s5e3l6m', '미나리', 1),
	(28, 'r9o4v2x3k3l4g', '시금치', 1),
	(29, 'r9o4v2x3k3l4g', '미나리', 1),
	(30, 'r9o4v2x3k3l4g', '시금치', 1),
	(31, 'r9o4v2x3k3l4g', '미나리', 1),
	(32, 'e7e2l7s5e3l6m', '땅콩', 1),
	(33, 'e7e2l7s5e3l6m', '미나리', 1),
	(34, 'r9o4v2x3k3l4g', '시금치', 0),
	(38, 'e7e2l7s5e3l6m', '땅콩', 1),
	(39, 'e7e2l7s5e3l6m', '미나리', 1),
	(41, 'e7e2l7s5e3l6m', '땅콩', 1),
	(42, 'e7e2l7s5e3l6m', '미나리', 1),
	(43, 'e7e2l7s5e3l6m', '쌀', 1),
	(44, 'a8n9e2f4n7m9r', '쌀', 0),
	(45, 'e7e2l7s5e3l6m', '땅콩', 1),
	(46, 'e7e2l7s5e3l6m', '미나리', 1),
	(47, 'e7e2l7s5e3l6m', '땅콩', 0),
	(48, 'e7e2l7s5e3l6m', '미나리', 0),
	(49, 'e7e2l7s5e3l6m', '쌀', 0),
	(50, 'y2a6u8c5v7o5f', '땅콩', 0),
	(51, 'y2a6u8c5v7o5f', '시금치', 0),
	(52, 'd9s6e3h8f1v1b', '땅콩', 0),
	(53, 'd9s6e3h8f1v1b', '시금치', 0),
	(54, 'v4w9f5p2b7c2n', '토마토', 1),
	(55, 'v4w9f5p2b7c2n', '생선', 1),
	(57, 'v4w9f5p2b7c2n', '토마토', 0),
	(58, 'v4w9f5p2b7c2n', '생선', 0),
	(59, 'a8i2y1k6g4a8t', '땅콩', 0);
/*!40000 ALTER TABLE `Allergy` ENABLE KEYS */;

-- 테이블 pet.Diary 구조 내보내기
CREATE TABLE IF NOT EXISTS `Diary` (
  `did` int(11) NOT NULL AUTO_INCREMENT,
  `peid` char(13) DEFAULT NULL,
  `d_memo` text DEFAULT NULL,
  `d_img` varchar(255) DEFAULT NULL,
  `d_date` datetime DEFAULT NULL,
  `d_special` text DEFAULT NULL,
  `d_walk` int(11) DEFAULT NULL,
  `d_flag` tinyint(4) DEFAULT 0,
  PRIMARY KEY (`did`),
  KEY `FK1_Pet_Diary` (`peid`),
  CONSTRAINT `FK1_Pet_Diary` FOREIGN KEY (`peid`) REFERENCES `Pet` (`peid`) ON DELETE CASCADE ON UPDATE CASCADE
) ENGINE=InnoDB AUTO_INCREMENT=33 DEFAULT CHARSET=utf8;

-- 테이블 데이터 pet.Diary:~30 rows (대략적) 내보내기
/*!40000 ALTER TABLE `Diary` DISABLE KEYS */;
INSERT IGNORE INTO `Diary` (`did`, `peid`, `d_memo`, `d_img`, `d_date`, `d_special`, `d_walk`, `d_flag`) VALUES
	(1, 'a8n9e2f4n7m9r', '옆집 비글이랑 놀았다 넘 신난다\n', 'https://walkiedoggie.s3.ap-northeast-2.amazonaws.com/diary/db4cbcbe-200b-403c-ac1c-651956f66ec5.jpg', '2021-05-17 00:00:00', '', 0, 0),
	(2, 'v4w9f5p2b7c2n', '오늘도 잘 놀았습니다!', '', '2021-05-17 00:00:00', '행복한 하루', 0, 1),
	(3, 'k9n3q2m5c1o8r', 'ㅇ', '', '2021-05-19 00:00:00', '', 0, 0),
	(4, 'k9n3q2m5c1o8r', 'asdfasdf', '', '2021-05-26 00:00:00', '', 0, 0),
	(5, 'v4w9f5p2b7c2n', '34534', 'https://walkiedoggie.s3.ap-northeast-2.amazonaws.com/diary/8c388557-f5e8-4d8d-a218-5785a1a31142.jpg', '2021-05-19 00:00:00', '2222', 0, 1),
	(6, 'i3y8s2r2s7j2l', 'dd', 'https://walkiedoggie.s3.ap-northeast-2.amazonaws.com/diary/2164b4c5-f670-4afb-826a-0807a58c3b7e.jpeg', '2021-05-18 00:00:00', 't', 0, 0),
	(7, 'k9n3q2m5c1o8r', 'aaaaaa', '', '2021-05-17 00:00:00', '', 0, 1),
	(8, 'e7a8p2j6e1f9b', 'asdfasf', '', '2021-05-17 00:00:00', '', 0, 0),
	(9, 'v4w9f5p2b7c2n', '2222', '', '2021-05-17 00:00:00', '3333', 0, 1),
	(10, 'g7z9c4a4f1s5s', 'asdf', '', '2021-05-12 00:00:00', '', 0, 0),
	(11, 'k9n3q2m5c1o8r', 'dd', '', '2021-05-17 00:00:00', '', 0, 1),
	(12, 'k9n3q2m5c1o8r', 'ㄹㄹ', '', '2021-05-17 00:00:00', '', 0, 0),
	(13, 'v4w9f5p2b7c2n', '일기 내용11', 'https://walkiedoggie.s3.ap-northeast-2.amazonaws.com/diary/0a28005e-82e7-4015-842f-9807c307b03c.png', '2021-05-16 00:00:00', '특이사항11', 0, 0),
	(14, 'k9n3q2m5c1o8r', 'ㄴㄴ', '', NULL, '', 0, 0),
	(15, 'k9n3q2m5c1o8r', 'ㄴㄴ', '', NULL, '', 0, 0),
	(16, 'q5d6p5c5o8t4i', 'dd', '', '2021-05-17 00:00:00', '', 0, 1),
	(17, 'q5d6p5c5o8t4i', 'dd', '', '2021-05-18 00:00:00', '', 0, 0),
	(18, 'q5d6p5c5o8t4i', 'dd', '', '2021-05-17 00:00:00', '', 0, 0),
	(19, 'k9n3q2m5c1o8r', '얄루 수정을 해보자', 'https://walkiedoggie.s3.ap-northeast-2.amazonaws.com/diary/7b56428f-590d-4f1f-8e82-bb778556089d.jpeg', '2021-05-10 00:00:00', '맥주\n', 0, 0),
	(20, 'k9n3q2m5c1o8r', '오', 'https://walkiedoggie.s3.ap-northeast-2.amazonaws.com/diary/36a7addd-446c-445d-8e91-9a603bb01d84.gif', '2021-05-25 00:00:00', '', 0, 0),
	(21, 'a8n9e2f4n7m9r', '카페에 왔다 \n사람이 많다 왈왈', 'https://walkiedoggie.s3.ap-northeast-2.amazonaws.com/diary/a4e15223-0697-4572-89a5-92bf642c70ea.jpg', '2021-05-19 00:00:00', '사실 없음', 0, 0),
	(22, 'c9s7k9j6m6w2f', '오늘 쉬는날인데 다들 고생이 많으십니다.', 'https://walkiedoggie.s3.ap-northeast-2.amazonaws.com/diary/220c755f-199a-430d-afcd-c24455a2c191.jpg', '2021-05-19 00:00:00', '', 0, 0),
	(23, 'e7e2l7s5e3l6m', '66', '', '2021-05-19 00:00:00', '', 0, 1),
	(24, 'e7e2l7s5e3l6m', 'dfdsf', '', '2021-05-18 00:00:00', '', 0, 0),
	(25, 'r9o4v2x3k3l4g', '잘된다 ㅎㅎ', 'https://walkiedoggie.s3.ap-northeast-2.amazonaws.com/diary/fddd170e-cfa2-4219-8c7a-a7fe05513e94.jpg', '2021-05-19 00:00:00', '', 0, 0),
	(26, 'd8a4u1i9w3l8r', '날이좋구나', 'https://walkiedoggie.s3.ap-northeast-2.amazonaws.com/diary/9f396072-94c6-4f21-b89c-ccc0b8ea97c9.jpg', '2021-05-19 00:00:00', '짬뽕집문닫음...', 0, 0),
	(27, 'e7e2l7s5e3l6m', 'd', 'https://walkiedoggie.s3.ap-northeast-2.amazonaws.com/diary/e7f2c4ef-634c-425c-ac12-68fc3939668e.jpg', '2021-05-20 00:00:00', '', 0, 1),
	(28, 'g7u7l8w4l1x2q', 'ㅗ', 'https://walkiedoggie.s3.ap-northeast-2.amazonaws.com/diary/0c8e8228-592e-479b-8a31-14a8d54e4e38.jpg', '2021-05-20 00:00:00', '', 0, 0),
	(29, 'e7e2l7s5e3l6m', 's', 'https://walkiedoggie.s3.ap-northeast-2.amazonaws.com/diary/54457f6f-83b7-4d51-ac44-61dc383f4f33.jpg', '2021-05-06 00:00:00', '', 0, 1),
	(30, 'd8a4u1i9w3l8r', '사료', 'https://walkiedoggie.s3.ap-northeast-2.amazonaws.com/diary/8326c370-f182-429a-baed-a34eb10b58c2.jpg', '2021-04-06 00:00:00', 'ㅁ', 0, 1);
/*!40000 ALTER TABLE `Diary` ENABLE KEYS */;

-- 테이블 pet.emailAuth 구조 내보내기
CREATE TABLE IF NOT EXISTS `emailAuth` (
  `email` varchar(50) NOT NULL,
  `auth` varchar(255) DEFAULT NULL,
  `flag` int(11) DEFAULT 0,
  PRIMARY KEY (`email`)
) ENGINE=InnoDB DEFAULT CHARSET=utf8;

-- 테이블 데이터 pet.emailAuth:~19 rows (대략적) 내보내기
/*!40000 ALTER TABLE `emailAuth` DISABLE KEYS */;
INSERT IGNORE INTO `emailAuth` (`email`, `auth`, `flag`) VALUES
	('3junghyo@naver.com', 'd33803e3cba4a977ef84403beea23987d927512275b69ab444dcbf1ee055718e', 0),
	('clubin30@gmail.com', '4d3b32030f81b2050ba106f091c6b9466f7128f1c2530c921f2e87984404b471', 1),
	('daministrator1211@gmail.com', '65f9864d1d95449de28dd4b7ec6a492bab58122fbe85648bb28dcaec9a93e40c', 1),
	('ekals4407@naver.com', '089fa19e516858eccd12c7405f65b9428e5bf17fe78faa920dcc50538648f52d', 1),
	('ghwoer12@naver.com', 'c3eb9562ba60ff25464e650d8d3f434090055fa280bf1cc1c8e9b1886fecf4ad', 1),
	('gnyonge@gmail.com', '1835a44fa6c80f61a9e3328dadf1726950546c9a76eb009c7241c86f7a69fdcd', 1),
	('gnyonge@naver.com', 'b9ec99e219d73782bf58bf30c331d53fed716728c78521a25b0ba2b3f2886bbd', 1),
	('kyh3134@naver.com', 'f994c5818d0c41bf47d40156cbe2b28e889625c6935d4d8ef45497e3404ac9ae', 0),
	('light_of_world@naver.com', 'aea046fea66e5af2949dc8ca8eed2152d1e4a47846ccb2ae97c0c861f0c51923', 1),
	('lynnlyj9@gmail.com', '5bc701bb45e5a99285a26d6aeb8284d48e82e5cbaf95d938b21178b1e332a24f', 1),
	('lynnlyj9@naver.com', '24dd31fb792a78921d2837741119892fd23dc024b30235e674f0a0b8dd02a431', 1),
	('ndrndr12@naver.com', '02cbcfbad45ae42c3c1f618d7a2b805f7a4946bf7445abedfa35370a67089869', 1),
	('rnfkcu0112@gmail.com', 'da659b9e87505bad3e3f7233e7e4e8ac3b9686065d39e01cd6384ac4d76b222d', 0),
	('rnfkcu@ajou.ac.kr', 'f70eda9fc5722f45808f4811664eb59836357d4befcfa1cd1919489f553aee51', 1),
	('ssafyuser@gmail.com', 'cd0dbbc37d9e7017a8e8388731ce1291337ecf266326d55a21f57dd1df9ac025', 1),
	('sumin9497@gmail.com', '54772e7ed3eba06d5036e5fcf2d5a4b5c41b1a928d19bcda52a719a4242861f5', 1),
	('sumin9497@naver.com', '779d2479dd831f91d06abd1924aa4972fe556bc0de417ed1eca391f7db63e295', 1),
	('tlsdorye@gmail.com', '842484ee3d634096eaef4b683ac2292fb0af9e3a2729250d787a2d4ae747670a', 1),
	('wngytkfkd@naver.com', 'f36c0b35102a1dfc35744c2cdddf80db5b3950c9d2c305e1b28c06f6fa5f4e45', 1);
/*!40000 ALTER TABLE `emailAuth` ENABLE KEYS */;

-- 테이블 pet.Health 구조 내보내기
CREATE TABLE IF NOT EXISTS `Health` (
  `hid` int(11) NOT NULL AUTO_INCREMENT,
  `peid` char(13) DEFAULT NULL,
  `h_content` varchar(255) DEFAULT NULL,
  `h_date` datetime DEFAULT NULL,
  `h_flag` tinyint(4) DEFAULT 0,
  PRIMARY KEY (`hid`),
  KEY `FK1_Pet_Health` (`peid`),
  CONSTRAINT `FK1_Pet_Health` FOREIGN KEY (`peid`) REFERENCES `Pet` (`peid`) ON DELETE CASCADE ON UPDATE CASCADE
) ENGINE=InnoDB AUTO_INCREMENT=52 DEFAULT CHARSET=utf8;

-- 테이블 데이터 pet.Health:~49 rows (대략적) 내보내기
/*!40000 ALTER TABLE `Health` DISABLE KEYS */;
INSERT IGNORE INTO `Health` (`hid`, `peid`, `h_content`, `h_date`, `h_flag`) VALUES
	(1, 'v4w9f5p2b7c2n', '예방접종', '2021-05-17 00:00:00', 1),
	(2, 'v4w9f5p2b7c2n', '예방접종', '2021-05-17 00:00:00', 1),
	(3, 'v4w9f5p2b7c2n', '심장사상충약', '2021-05-17 00:00:00', 1),
	(4, 'v4w9f5p2b7c2n', '예방접종', '2021-05-17 00:00:00', 1),
	(5, 'v4w9f5p2b7c2n', '심장사상충약', '2021-05-17 00:00:00', 1),
	(6, 'v4w9f5p2b7c2n', '333', '2021-05-19 00:00:00', 1),
	(7, 'v4w9f5p2b7c2n', '444', '2021-05-19 00:00:00', 1),
	(8, 'i3y8s2r2s7j2l', 't', '2021-05-18 00:00:00', 0),
	(9, 'v4w9f5p2b7c2n', '444', '2021-05-17 00:00:00', 1),
	(10, 'v4w9f5p2b7c2n', '555', '2021-05-17 00:00:00', 1),
	(11, 'v4w9f5p2b7c2n', '666', '2021-05-17 00:00:00', 1),
	(12, 'v4w9f5p2b7c2n', '444', '2021-05-17 00:00:00', 1),
	(13, 'v4w9f5p2b7c2n', '555', '2021-05-17 00:00:00', 1),
	(14, 'v4w9f5p2b7c2n', '111', '2021-05-17 00:00:00', 1),
	(15, 'v4w9f5p2b7c2n', '333', '2021-05-17 00:00:00', 1),
	(16, 'v4w9f5p2b7c2n', '333', '2021-05-19 00:00:00', 1),
	(17, 'v4w9f5p2b7c2n', '444', '2021-05-19 00:00:00', 1),
	(18, 'v4w9f5p2b7c2n', '건강1', '2021-05-16 00:00:00', 1),
	(19, 'v4w9f5p2b7c2n', '건강2', '2021-05-16 00:00:00', 1),
	(20, 'v4w9f5p2b7c2n', '건강1', '2021-05-16 00:00:00', 1),
	(21, 'v4w9f5p2b7c2n', '건강2', '2021-05-16 00:00:00', 1),
	(22, 'v4w9f5p2b7c2n', '건강3', '2021-05-16 00:00:00', 1),
	(23, 'k9n3q2m5c1o8r', '술병', '2021-05-10 00:00:00', 0),
	(24, 'k9n3q2m5c1o8r', '병', '2021-05-10 00:00:00', 0),
	(25, 'a8n9e2f4n7m9r', '아오 머리아파', '2021-05-19 00:00:00', 1),
	(26, 'e7e2l7s5e3l6m', 'ㅇ', '2021-05-19 00:00:00', 1),
	(27, 'e7e2l7s5e3l6m', 'ㅇ', '2021-05-19 00:00:00', 1),
	(28, 'a8n9e2f4n7m9r', '아오 머리아파', '2021-05-19 00:00:00', 0),
	(29, 'e7e2l7s5e3l6m', 'dd', '2021-05-18 00:00:00', 1),
	(30, 'e7e2l7s5e3l6m', 'sdf', '2021-05-18 00:00:00', 1),
	(31, 'e7e2l7s5e3l6m', 'sdfasdfadfasd', '2021-05-18 00:00:00', 1),
	(32, 'r9o4v2x3k3l4g', '미나리', '2021-05-19 00:00:00', 1),
	(33, 'r9o4v2x3k3l4g', '시금치', '2021-05-19 00:00:00', 1),
	(34, 'r9o4v2x3k3l4g', '미나리', '2021-05-19 00:00:00', 1),
	(35, 'r9o4v2x3k3l4g', '시금치', '2021-05-19 00:00:00', 1),
	(36, 'e7e2l7s5e3l6m', 'dd', '2021-05-18 00:00:00', 0),
	(37, 'e7e2l7s5e3l6m', 'sdf', '2021-05-18 00:00:00', 0),
	(38, 'd8a4u1i9w3l8r', '우', '2021-05-19 00:00:00', 1),
	(39, 'd8a4u1i9w3l8r', '아', '2021-05-19 00:00:00', 1),
	(40, 'd8a4u1i9w3l8r', '우', '2021-05-19 00:00:00', 1),
	(41, 'd8a4u1i9w3l8r', '아', '2021-05-19 00:00:00', 1),
	(42, 'd8a4u1i9w3l8r', '우', '2021-05-19 00:00:00', 0),
	(43, 'd8a4u1i9w3l8r', 'ㅁ', '2021-04-06 00:00:00', 1),
	(44, 'd8a4u1i9w3l8r', 'ㄴ', '2021-04-06 00:00:00', 1),
	(45, 'd8a4u1i9w3l8r', 'ㅇ', '2021-04-06 00:00:00', 1),
	(48, 'r9o4v2x3k3l4g', '미나리', '2021-05-19 00:00:00', 1),
	(49, 'r9o4v2x3k3l4g', '시금치', '2021-05-19 00:00:00', 1),
	(50, 'r9o4v2x3k3l4g', '미나리', '2021-05-19 00:00:00', 0),
	(51, 'r9o4v2x3k3l4g', '시금치', '2021-05-19 00:00:00', 0),
	(52, 'v4w9f5p2b7c2n', '예방접종 맞음', '2021-05-16 00:00:00', 0),
	(53, 'v4w9f5p2b7c2n', '병원가서 건강검진', '2021-05-16 00:00:00', 0);
/*!40000 ALTER TABLE `Health` ENABLE KEYS */;

-- 테이블 pet.Ingredients 구조 내보내기
CREATE TABLE IF NOT EXISTS `Ingredients` (
  `iid` int(11) NOT NULL AUTO_INCREMENT,
  `i_name` varchar(50) DEFAULT NULL,
  `i_desc` varchar(255) DEFAULT NULL,
  `i_flag` tinyint(4) DEFAULT 0,
  PRIMARY KEY (`iid`)
) ENGINE=InnoDB AUTO_INCREMENT=15 DEFAULT CHARSET=utf8;

-- 테이블 데이터 pet.Ingredients:~14 rows (대략적) 내보내기
/*!40000 ALTER TABLE `Ingredients` DISABLE KEYS */;
INSERT IGNORE INTO `Ingredients` (`iid`, `i_name`, `i_desc`, `i_flag`) VALUES
	(1, '향료', '향료는 반려견에게 암과 비만 등의 건강문제를 유발하는 것으로 알려져 있습니다. 건강하게 제조된 사료라면 그 재료 자체만으로 좋은 맛과 향을 낼 수 있습니다', 0),
	(2, '가수분해', '반려견이 알러지를 겪은 적이 없다면 가수분해된 재료보다는 자연 상태의 재료를 선택하는 것을 권장합니다.', 0),
	(3, '쌀', '강아지에게 탄수화물은 에너지원으로서 큰 역할을 하지 않으며, 특히 양조쌀과 쌀겨는 쌀을 가공하고 남은 저영양 재료입니다.', 0),
	(4, '생선', '동물 또는 생선의 명칭을 명확히 기재하지 않은 경우, 정확히 어떠한 재료가 사용되었는 지 알 수 없으며 로드킬 및 안락사 당한 사체가 이용되기도 합니다.', 0),
	(5, '옥수수', '강아지에게 탄수화물은 에너지원으로서 큰 역할을 하지 않으며, 특히 양조쌀과 쌀겨는 쌀을 가공하고 남은 저영양 재료입니다.', 0),
	(6, '글루텐', '글루텐은 곡류를 가공한 후 나오는 부산물로, 낮은 원가로 단백질 수치를 높이기 위해 쓰이는 재료입니다. 반려견에게 소화장애 및 알러지를 유발할 수 있습니다.', 0),
	(7, '가금', '동물 또는 생선의 명칭을 명확히 기재하지 않은 경우, 정확히 어떠한 재료가 사용되었는 지 알 수 없으며 로드킬 및 안락사 당한 사체가 이용되기도 합니다.', 0),
	(8, '동물성', '동물 또는 생선의 명칭을 명확히 기재하지 않은 경우, 정확히 어떠한 재료가 사용되었는 지 알 수 없으며 로드킬 및 안락사 당한 사체가 이용되기도 합니다.', 0),
	(9, '양조', '강아지에게 탄수화물은 에너지원으로서 큰 역할을 하지 않으며, 특히 양조쌀과 쌀겨는 쌀을 가공하고 남은 저영양 재료입니다.', 0),
	(10, '유도단백질', '반려견이 알러지를 겪은 적이 없다면 가수분해된 재료보다는 자연 상태의 재료를 선택하는 것을 권장합니다.', 0),
	(11, '어분', '동물 또는 생선의 명칭을 명확히 기재하지 않은 경우, 정확히 어떠한 재료가 사용되었는 지 알 수 없으며 로드킬 및 안락사 당한 사체가 이용되기도 합니다.', 0),
	(12, '마이즈', '강아지에게 탄수화물은 에너지원으로서 큰 역할을 하지 않으며, 특히 양조쌀과 쌀겨는 쌀을 가공하고 남은 저영양 재료입니다.', 0),
	(13, '부산물', '사람이 먹을 수 있는 부분을 제외하고 남은 부산물이 원료로 사용됩니다.', 0),
	(14, '육분', '동물 또는 생선의 명칭을 명확히 기재하지 않은 경우, 정확히 어떠한 재료가 사용되었는 지 알 수 없으며 로드킬 및 안락사 당한 사체가 이용되기도 합니다.', 0);
/*!40000 ALTER TABLE `Ingredients` ENABLE KEYS */;

-- 테이블 pet.LikePlace 구조 내보내기
CREATE TABLE IF NOT EXISTS `LikePlace` (
  `lid` int(11) NOT NULL AUTO_INCREMENT,
  `pid` int(11) DEFAULT NULL,
  `peid` char(13) NOT NULL,
  `l_flag` tinyint(4) DEFAULT 0,
  `l_image` varchar(255) DEFAULT NULL,
  `l_desc` varchar(50) DEFAULT NULL,
  `l_like` int(11) DEFAULT NULL,
  `l_date` datetime DEFAULT NULL,
  `p_location` varchar(50) DEFAULT NULL,
  `wid` int(11) DEFAULT NULL,
  PRIMARY KEY (`lid`),
  KEY `FK1_Pet_LikePlace` (`peid`),
  KEY `FK2_Place_LikePlace` (`pid`),
  KEY `FK3_Walk_LikePlace` (`wid`),
  CONSTRAINT `FK1_Pet_LikePlace` FOREIGN KEY (`peid`) REFERENCES `Pet` (`peid`) ON DELETE CASCADE ON UPDATE CASCADE,
  CONSTRAINT `FK2_Place_LikePlace` FOREIGN KEY (`pid`) REFERENCES `Place` (`pid`) ON DELETE CASCADE ON UPDATE CASCADE,
  CONSTRAINT `FK3_Walk_LikePlace` FOREIGN KEY (`wid`) REFERENCES `Walk` (`wid`) ON DELETE CASCADE ON UPDATE CASCADE
) ENGINE=InnoDB AUTO_INCREMENT=113 DEFAULT CHARSET=utf8;

-- 테이블 데이터 pet.LikePlace:~106 rows (대략적) 내보내기
/*!40000 ALTER TABLE `LikePlace` DISABLE KEYS */;
INSERT IGNORE INTO `LikePlace` (`lid`, `pid`, `peid`, `l_flag`, `l_image`, `l_desc`, `l_like`, `l_date`, `p_location`, `wid`) VALUES
	(1, 3, 'a1i6i3u6v3c1x', 0, 'https://walkiedoggie.s3.ap-northeast-2.amazonaws.com/diary/78de5125-3bed-4841-926e-768de4da1b5a.png', '사진이 잘 나와요!', 0, '2021-05-17 04:31:02', '전북 무주군 설천면 삼공리 산 42', NULL),
	(2, 4, 'o9q3a9p5b5w7q', 1, 'https://walkiedoggie.s3.ap-northeast-2.amazonaws.com/diary/1b861ec7-e273-423c-bc8f-19784c674993.jpg', '마킹을 했어요!', 0, '2021-05-17 04:31:03', '광주 광산구 산정동', NULL),
	(4, 3, 'b6m1b6g1r5f2x', 0, 'https://walkiedoggie.s3.ap-northeast-2.amazonaws.com/diary/2b320f9f-9f3c-4af8-84b5-6c235177a523.png', '사진이 잘 나와요!', 0, '2021-05-17 05:03:36', '전북 무주군 설천면 삼공리 산 42', NULL),
	(5, 6, 'k9n3q2m5c1o8r', 0, 'https://walkiedoggie.s3.ap-northeast-2.amazonaws.com/diary/256c05bd-7e45-45af-a036-0d40cac58b7a.jpg', '날씨가 좋아요!', 0, '2021-05-17 05:06:24', '경기 파주시 동패동', NULL),
	(6, 3, 'p8j5c4h1z2y9f', 0, 'https://walkiedoggie.s3.ap-northeast-2.amazonaws.com/diary/1954cbea-3534-4fa2-9be7-3d5fd85a3c1e.png', '휴식 공간이 있어요!', 0, '2021-05-17 05:11:35', '전북 무주군 설천면 삼공리 산 42', NULL),
	(7, 3, 'w9a2u7n8t2v4r', 0, 'https://walkiedoggie.s3.ap-northeast-2.amazonaws.com/diary/46cec31e-7707-4d8b-97d7-80c626e8f44b.png', '사진이 잘 나와요!', 0, '2021-05-17 05:14:17', '전북 무주군 설천면 삼공리 산 42', NULL),
	(8, 3, 'q3q8d5p7j2y3l', 0, 'https://walkiedoggie.s3.ap-northeast-2.amazonaws.com/diary/3c5d4c59-0843-4780-a2c4-64632b23500e.png', '사진이 잘 나와요!', 0, '2021-05-17 05:18:36', '전북 무주군 설천면 삼공리 산 42', NULL),
	(9, 7, 'a1i6i3u6v3c1x', 0, 'https://walkiedoggie.s3.ap-northeast-2.amazonaws.com/diary/358b1fd7-e7e7-4c75-9912-8a7a4f2063a1.png', '사진이 잘 나와요!', 0, '2021-05-17 05:19:33', '광주 광산구 오선동', NULL),
	(10, 3, 'a6h8j2k6m2h6b', 0, 'https://walkiedoggie.s3.ap-northeast-2.amazonaws.com/diary/c12c30e1-3bd3-476c-aa23-cfb38df606be.png', '사진이 잘 나와요!', 0, '2021-05-17 05:22:37', '전북 무주군 설천면 삼공리 산 42', NULL),
	(11, 8, 'u4o4u1h1f3v1h', 1, 'https://walkiedoggie.s3.ap-northeast-2.amazonaws.com/diary/b450a47f-0902-4254-85ed-c59ffb5908e1.png', '사진이 잘 나와요!', 0, '2021-05-17 05:28:47', '광주 광산구 산정동', NULL),
	(12, 8, 'j5c1z9n6g9d5d', 1, 'https://walkiedoggie.s3.ap-northeast-2.amazonaws.com/diary/2292547c-6e5b-481b-90a2-51d3cd50e570.jpg', '마킹을 했어요!', 0, '2021-05-17 05:29:56', '광주 광산구 산정동', NULL),
	(13, 9, 'k7a8a9u3w6c6s', 1, 'https://walkiedoggie.s3.ap-northeast-2.amazonaws.com/diary/acd6c3fa-6ca0-46b5-abdd-52ffbe7f7422.jpg', '사진이 잘 나와요!', 0, '2021-05-17 05:43:13', '경기 파주시 와동동', NULL),
	(14, 6, 'k7a8a9u3w6c6s', 0, 'https://walkiedoggie.s3.ap-northeast-2.amazonaws.com/diary/398051f8-ef65-46f6-89df-28322ba0114d.jpg', '사진이 잘 나와요!', 0, '2021-05-17 05:45:20', '경기 파주시 동패동', NULL),
	(15, 6, 'j5y3z3l6f8h5s', 0, 'https://walkiedoggie.s3.ap-northeast-2.amazonaws.com/diary/f2c21f13-176a-437d-8d2d-c7187c6e0c41.PNG', '사진이 잘 나와요!', 0, '2021-05-17 05:47:14', '경기 파주시 동패동', NULL),
	(16, 10, 'u4o4u1h1f3v1h', 1, 'https://walkiedoggie.s3.ap-northeast-2.amazonaws.com/diary/5019bfaf-ad95-4a35-a4d7-2f0c6956b4c9.png', '휴식 공간이 있어요!', 0, '2021-05-17 06:11:19', '광주 광산구 산정동', NULL),
	(17, 8, 'u4o4u1h1f3v1h', 1, 'https://walkiedoggie.s3.ap-northeast-2.amazonaws.com/diary/c1bb4222-43ae-4e70-ae02-0d2bab9e84e0.jfif', '날씨가 좋아요!', 0, '2021-05-17 06:15:30', '광주 광산구 산정동', NULL),
	(18, 11, 'u4o4u1h1f3v1h', 1, 'https://walkiedoggie.s3.ap-northeast-2.amazonaws.com/diary/b95f14fb-708f-4007-ad13-ae33fa623987.jpg', '휴식 공간이 있어요!', 0, '2021-05-17 06:21:15', '광주 광산구 산정동', NULL),
	(19, 8, 'j5c1z9n6g9d5d', 1, 'https://walkiedoggie.s3.ap-northeast-2.amazonaws.com/diary/6d0e14ce-e190-4a67-9c77-3ea7b210524b.jpg', '마킹을 했어요!', 0, '2021-05-17 06:27:55', '광주 광산구 산정동', NULL),
	(20, 12, 'j5c1z9n6g9d5d', 1, 'https://walkiedoggie.s3.ap-northeast-2.amazonaws.com/diary/6f6be606-600d-455f-8b35-d7eaaf4a5401.jpg', '사진이 잘 나와요!', 0, '2021-05-17 06:41:43', '광주 광산구 산정동', NULL),
	(21, 13, 'j5c1z9n6g9d5d', 1, 'https://walkiedoggie.s3.ap-northeast-2.amazonaws.com/diary/1c9a5228-d715-4790-a8cc-165428ccfd14.jfif', '마킹을 했어요!', 0, '2021-05-17 08:40:18', '광주 광산구 산정동', NULL),
	(22, 14, 'j5c1z9n6g9d5d', 1, '', '마킹을 했어요!', 0, '2021-05-17 08:40:28', '광주 광산구 산정동', NULL),
	(24, 8, 'd4b4w7z9r7h7y', 1, 'https://walkiedoggie.s3.ap-northeast-2.amazonaws.com/diary/bf998a8c-3653-4789-b0fe-834e56923164.jfif', '휴식 공간이 있어요!', 0, '2021-05-17 08:49:23', '광주 광산구 산정동', NULL),
	(25, 13, 'd4b4w7z9r7h7y', 0, 'https://walkiedoggie.s3.ap-northeast-2.amazonaws.com/diary/c9c7df7a-a34e-4410-95a5-6248be36bc03.jpg', '날씨가 좋아요!', 0, '2021-05-17 08:50:44', '광주 광산구 산정동', NULL),
	(26, 13, 'p2d7x8s3j4y9x', 1, 'https://walkiedoggie.s3.ap-northeast-2.amazonaws.com/diary/0637259b-c92d-4685-824d-ea2404becab9.jpg', '휴식 공간이 있어요!', 0, '2021-05-17 08:51:24', '광주 광산구 산정동', NULL),
	(27, 5, 'g7z9c4a4f1s5s', 0, 'https://walkiedoggie.s3.ap-northeast-2.amazonaws.com/diary/6f62ff3c-1efb-488b-8f06-be4d61fa18f6.jpg', '휴식 공간이 있어요!', 0, '2021-05-17 08:54:45', '광주 광산구 수완동', NULL),
	(28, 8, 'p2d7x8s3j4y9x', 0, 'https://walkiedoggie.s3.ap-northeast-2.amazonaws.com/diary/15460ca2-7d0c-4ad9-9a39-e375e507e792.jpg', '마킹을 했어요!', 1, '2021-05-17 08:55:56', '광주 광산구 산정동', NULL),
	(29, 14, 'p2d7x8s3j4y9x', 1, '', '마킹을 했어요!', 0, '2021-05-17 08:55:56', '광주 광산구 산정동', NULL),
	(30, 8, 'e9o6h2o2i8j9t', 1, 'https://walkiedoggie.s3.ap-northeast-2.amazonaws.com/diary/705f3d92-9c89-44d4-b80d-d219467e0add.jfif', '휴식 공간이 있어요!', 0, '2021-05-17 18:03:07', '광주 광산구 산정동', NULL),
	(31, 5, 'a8n9e2f4n7m9r', 0, 'https://walkiedoggie.s3.ap-northeast-2.amazonaws.com/diary/75282c3c-cbd8-45e6-bf76-663205f035a1.jpg', '사진이 잘 나와요!', 0, '2021-05-17 18:03:33', '광주 광산구 수완동', NULL),
	(32, 8, 'q5e4l7n9e2j1o', 1, 'https://walkiedoggie.s3.ap-northeast-2.amazonaws.com/diary/65d308d5-645f-4fc9-9dfd-a0b4560ee122.jpg', '휴식 공간이 있어요!', 0, '2021-05-17 18:06:36', '광주 광산구 산정동', NULL),
	(33, 8, 'j5c1z9n6g9d5d', 1, 'https://walkiedoggie.s3.ap-northeast-2.amazonaws.com/diary/ac08073d-ae44-4983-9f4e-0b0ff22220ac.jpg', '날씨가 좋아요!', 0, '2021-05-17 18:07:51', '광주 광산구 산정동', NULL),
	(34, 8, 'n1t8r6m8e1j8x', 0, 'https://walkiedoggie.s3.ap-northeast-2.amazonaws.com/diary/c3798d10-f7e9-455f-bfe9-2eaf2aeb7de8.jpg', '사진이 잘 나와요!', 0, '2021-05-17 18:08:39', '광주 광산구 산정동', NULL),
	(35, 14, 'n1t8r6m8e1j8x', 1, '', '사진이 잘 나와요!', 0, '2021-05-17 18:09:40', '광주 광산구 산정동', NULL),
	(36, 13, 'n1t8r6m8e1j8x', 1, 'https://walkiedoggie.s3.ap-northeast-2.amazonaws.com/diary/4a4f1a0d-a03c-4111-ab7b-7a03d40b2e05.jpg', '사진이 잘 나와요!', 0, '2021-05-17 18:10:57', '광주 광산구 산정동', NULL),
	(37, 13, 'q5e4l7n9e2j1o', 1, 'https://walkiedoggie.s3.ap-northeast-2.amazonaws.com/diary/87843740-6fad-4c8d-b8e2-a2a95fa98350.jpg', '휴식 공간이 있어요!', 0, '2021-05-17 18:11:46', '광주 광산구 산정동', NULL),
	(38, 8, 'c9s7k9j6m6w2f', 1, 'https://walkiedoggie.s3.ap-northeast-2.amazonaws.com/diary/b22bbeb3-71f8-41d3-8ff8-08166a254a60.jpg', '마킹을 했어요!', 0, '2021-05-17 18:12:46', '광주 광산구 산정동', NULL),
	(39, 14, 'c9s7k9j6m6w2f', 1, '', '마킹을 했어요!', 0, '2021-05-17 18:12:50', '광주 광산구 산정동', NULL),
	(40, 5, 'e7a8p2j6e1f9b', 0, 'https://walkiedoggie.s3.ap-northeast-2.amazonaws.com/diary/b64a4a1a-a8bf-49f8-b8f0-7cff87b38dba.jpg', '사진이 잘 나와요!', 1, '2021-05-17 18:13:21', '광주 광산구 수완동', NULL),
	(41, 13, 'c9s7k9j6m6w2f', 1, 'https://walkiedoggie.s3.ap-northeast-2.amazonaws.com/diary/bf548932-3fc5-4737-8e39-646341bf0c94.jpg', '날씨가 좋아요!', 0, '2021-05-17 20:11:15', '광주 광산구 산정동', NULL),
	(42, 13, 'c9s7k9j6m6w2f', 1, 'https://walkiedoggie.s3.ap-northeast-2.amazonaws.com/diary/328d45cb-2dbb-4387-a0e7-1265e08b5ea7.jpg', '휴식 공간이 있어요!', 0, '2021-05-17 20:12:46', '광주 광산구 산정동', NULL),
	(43, 8, 'c9s7k9j6m6w2f', 1, 'https://walkiedoggie.s3.ap-northeast-2.amazonaws.com/diary/2897696e-e73c-4fc4-975b-5474ca380a8e.jpg', '휴식 공간이 있어요!', 0, '2021-05-17 20:14:08', '광주 광산구 산정동', NULL),
	(44, 15, 'c9s7k9j6m6w2f', 1, 'https://walkiedoggie.s3.ap-northeast-2.amazonaws.com/diary/90ecbffc-6ac4-4bfd-8771-e062af0e9235.jpg', '마킹을 했어요!', 0, '2021-05-17 21:23:15', '광주 광산구 산정동', NULL),
	(45, 16, 'i3y8s2r2s7j2l', 0, 'https://walkiedoggie.s3.ap-northeast-2.amazonaws.com/diary/b80f3f15-5f69-46cf-ac96-2bf6ab13660a.jpeg', '사진이 잘 나와요!', 0, '2021-05-17 22:08:46', '광주 광산구 장덕동', NULL),
	(46, 14, 'i3y8s2r2s7j2l', 0, '', '사진이 잘 나와요!', 0, '2021-05-17 22:08:53', '광주 광산구 장덕동', NULL),
	(47, 17, 'k9n3q2m5c1o8r', 0, 'https://walkiedoggie.s3.ap-northeast-2.amazonaws.com/diary/89c7a03d-3c21-42ce-b5b4-f3664c7afc1a.jpeg', '사진이 잘 나와요!', 0, '2021-05-17 22:55:48', '광주 광산구 장덕동', NULL),
	(50, 18, 'k9n3q2m5c1o8r', 0, 'https://walkiedoggie.s3.ap-northeast-2.amazonaws.com/diary/95011900-39e7-464a-887d-88fdf2be6a0b.jpeg', '날씨가 좋아요!', 0, '2021-05-17 23:51:53', '광주 광산구 장덕동', NULL),
	(51, 8, 'c9s7k9j6m6w2f', 1, 'https://walkiedoggie.s3.ap-northeast-2.amazonaws.com/diary/b8603c4f-3481-4545-9109-1c668689fcb5.jfif', '사진이 잘 나와요!', 0, '2021-05-18 00:21:55', '광주 광산구 산정동', NULL),
	(52, 8, 'c9s7k9j6m6w2f', 1, 'https://walkiedoggie.s3.ap-northeast-2.amazonaws.com/diary/b8603c4f-3481-4545-9109-1c668689fcb5.jfif', '사진이 잘 나와요!', 0, '2021-05-18 00:21:56', '광주 광산구 산정동', NULL),
	(53, 8, 'c9s7k9j6m6w2f', 1, 'https://walkiedoggie.s3.ap-northeast-2.amazonaws.com/diary/b8603c4f-3481-4545-9109-1c668689fcb5.jfif', '사진이 잘 나와요!', 0, '2021-05-18 00:21:57', '광주 광산구 산정동', NULL),
	(54, 19, 'v4w9f5p2b7c2n', 1, 'https://walkiedoggie.s3.ap-northeast-2.amazonaws.com/diary/5e5ba46e-fe82-4737-a420-3e583513ad82.jpg', '사진이 잘 나와요!', 0, '2021-05-19 14:05:38', '서울 성북구 하월곡동', 83),
	(55, 20, 'c9s7k9j6m6w2f', 0, 'https://walkiedoggie.s3.ap-northeast-2.amazonaws.com/diary/d8481d54-f2e4-42ed-9868-6cf5c221668d.jpg', '마킹을 했어요!', 1, '2021-05-19 14:08:09', '광주 광산구 산정동', 84),
	(56, 21, 'a8n9e2f4n7m9r', 0, 'https://walkiedoggie.s3.ap-northeast-2.amazonaws.com/diary/bf363fb3-9a6d-43bf-8bfb-97d65bd3f9b0.jpg', '마킹을 했어요!', 0, '2021-05-19 14:10:34', '광주 광산구 수완동', NULL),
	(57, 22, 'c9s7k9j6m6w2f', 0, 'https://walkiedoggie.s3.ap-northeast-2.amazonaws.com/diary/430ff29a-4c20-4560-8b00-b42858b1e314.jpg', '날씨가 좋아요!', 1, '2021-05-19 14:10:47', '광주 광산구 산정동', 84),
	(58, 21, 'a8n9e2f4n7m9r', 0, 'https://walkiedoggie.s3.ap-northeast-2.amazonaws.com/diary/37943a1c-4a62-4e9c-9c07-eda13b5afb46.jpg', '휴식 공간이 있어요!', 0, '2021-05-19 14:11:11', '광주 광산구 수완동', NULL),
	(59, 23, 'k9n3q2m5c1o8r', 0, 'https://walkiedoggie.s3.ap-northeast-2.amazonaws.com/diary/cf1d6e0f-993c-4b76-880b-8990992c9610.jpg', '사진이 잘 나와요!', 0, '2021-05-19 14:12:09', '경기 파주시 와동동', 87),
	(60, 24, 'c9s7k9j6m6w2f', 0, 'https://walkiedoggie.s3.ap-northeast-2.amazonaws.com/diary/a2a0e1ef-a629-45df-83df-bfaa0f249246.jpg', '휴식 공간이 있어요!', 0, '2021-05-19 14:13:53', '광주 광산구 산정동', 84),
	(61, 25, 'c9s7k9j6m6w2f', 1, 'https://walkiedoggie.s3.ap-northeast-2.amazonaws.com/diary/8d405597-62f7-4136-8e6d-47d0e7b4b367.jpg', '사진이 잘 나와요!', 0, '2021-05-19 14:16:47', '광주 광산구 산정동', 84),
	(62, 26, 'c9s7k9j6m6w2f', 0, 'https://walkiedoggie.s3.ap-northeast-2.amazonaws.com/diary/f99b57ea-9d15-430c-8cb1-cfa93956dc4b.jpg', '날씨가 좋아요!', 0, '2021-05-19 14:18:18', '광주 광산구 산정동', 84),
	(63, 27, 'k9n3q2m5c1o8r', 0, 'https://walkiedoggie.s3.ap-northeast-2.amazonaws.com/diary/22d5f48b-76a0-43c7-a81c-6988ed797fdd.jpg', '휴식 공간이 있어요!', 0, '2021-05-19 14:44:43', '경기 파주시 와동동', 90),
	(64, 28, 'e7e2l7s5e3l6m', 0, 'https://walkiedoggie.s3.ap-northeast-2.amazonaws.com/diary/a62ac85d-f5ae-43f0-9b1b-8e412a12a05d.jpg', '사진이 잘 나와요!', 0, '2021-05-19 14:57:17', '경기 파주시 야당동', 92),
	(65, 29, 'c9s7k9j6m6w2f', 1, 'https://walkiedoggie.s3.ap-northeast-2.amazonaws.com/diary/32bb58d1-33ef-475a-802e-884d9edaa2b9.jpg', '사진이 잘 나와요!', 0, '2021-05-19 14:58:42', '광주 광산구 산정동', 93),
	(66, 30, 'a8n9e2f4n7m9r', 0, 'https://walkiedoggie.s3.ap-northeast-2.amazonaws.com/diary/a78c0797-54c6-4d5b-9b7e-bf9d4397d251.jpg', '휴식 공간이 있어요!', 1, '2021-05-19 15:08:01', '광주 광산구 수완동', 101),
	(67, 28, 'e7e2l7s5e3l6m', 0, 'https://walkiedoggie.s3.ap-northeast-2.amazonaws.com/diary/3164363c-fbf1-43e8-bc50-2115d730d150.jpg', '휴식 공간이 있어요!', 2, '2021-05-19 15:13:07', '경기 파주시 야당동', 102),
	(68, 28, 'e7e2l7s5e3l6m', 0, 'https://walkiedoggie.s3.ap-northeast-2.amazonaws.com/diary/ed225b84-338a-4bc5-935c-ef09961fcd53.jpg', '날씨가 좋아요!', 0, '2021-05-19 15:17:03', '경기 파주시 야당동', 103),
	(69, 28, 'e7e2l7s5e3l6m', 0, 'https://walkiedoggie.s3.ap-northeast-2.amazonaws.com/diary/cc1d9ee2-bee9-44f4-b1ad-ebee57379cc8.jpg', '사진이 잘 나와요!', 0, '2021-05-19 15:22:55', '경기 파주시 야당동', 104),
	(70, 29, 'c9s7k9j6m6w2f', 1, 'https://walkiedoggie.s3.ap-northeast-2.amazonaws.com/diary/f551bab1-c9cc-41b7-b83b-934edb3f8eaa.jpg', '사진이 잘 나와요!', 0, '2021-05-19 15:41:01', '광주 광산구 산정동', 115),
	(71, 29, 'c9s7k9j6m6w2f', 1, 'https://walkiedoggie.s3.ap-northeast-2.amazonaws.com/diary/8be09699-ac7a-46cb-beda-e39b4ea1014e.jpg', '휴식 공간이 있어요!', 0, '2021-05-19 16:12:17', '광주 광산구 산정동', 116),
	(72, 31, 'c9s7k9j6m6w2f', 1, 'https://walkiedoggie.s3.ap-northeast-2.amazonaws.com/diary/aa25da08-ef8d-46af-b393-4db018056bba.jpg', '사진이 잘 나와요!', 0, '2021-05-19 17:25:11', '광주 광산구 산정동', 121),
	(73, 32, 'r9o4v2x3k3l4g', 0, 'https://walkiedoggie.s3.ap-northeast-2.amazonaws.com/diary/b1c3ac5b-ccf5-4af7-9ad5-8bd1c0102864.jpg', '날씨가 좋아요!', 1, '2021-05-19 17:30:28', '경기 파주시 와동동', 124),
	(74, 33, 'o9q3a9p5b5w7q', 0, 'https://walkiedoggie.s3.ap-northeast-2.amazonaws.com/diary/344d2996-6f8a-4b44-b314-3692b3127ebe.jpg', '날씨가 좋아요!', 0, '2021-05-19 17:59:09', '광주 광산구 산정동', 126),
	(75, 34, 'o9q3a9p5b5w7q', 0, 'https://walkiedoggie.s3.ap-northeast-2.amazonaws.com/diary/5468865d-5bf3-4a7a-bbb0-c6be2ef17f11.jpg', '사진이 잘 나와요!', 0, '2021-05-19 18:01:48', '광주 광산구 산정동', 126),
	(76, 28, 'r9o4v2x3k3l4g', 0, 'https://walkiedoggie.s3.ap-northeast-2.amazonaws.com/diary/85a3e97d-f687-452c-92c8-7edd2adca613.jpg', '사진이 잘 나와요!', 0, '2021-05-19 18:14:43', '경기 파주시 야당동', 136),
	(77, 28, 'd8a4u1i9w3l8r', 0, 'https://walkiedoggie.s3.ap-northeast-2.amazonaws.com/diary/7571c4fd-caad-446a-a84f-b02e9d1ebd90.jpg', '사진이 잘 나와요!', 0, '2021-05-19 18:16:29', '경기 파주시 야당동', 138),
	(78, 28, 'd8a4u1i9w3l8r', 0, 'https://walkiedoggie.s3.ap-northeast-2.amazonaws.com/diary/f639d5b9-fe43-41a2-bd86-80cdc7c871d6.jpg', '사진이 잘 나와요!', 0, '2021-05-19 18:17:09', '경기 파주시 야당동', 139),
	(79, 35, 'a8n9e2f4n7m9r', 0, 'https://walkiedoggie.s3.ap-northeast-2.amazonaws.com/diary/fcc3bb3b-533a-4f2e-8369-91079b3c8dc6.jpg', '마킹을 했어요!', 0, '2021-05-19 20:12:10', '광주 광산구 장덕동', 141),
	(80, 36, 'e7e2l7s5e3l6m', 0, 'https://walkiedoggie.s3.ap-northeast-2.amazonaws.com/diary/f83d2ac0-ff66-438e-8b15-0e0ec2f39cea.jpg', '휴식 공간이 있어요!', 0, '2021-05-19 20:12:25', '광주 광산구 장덕동', 142),
	(81, 37, 'e7e2l7s5e3l6m', 0, 'https://walkiedoggie.s3.ap-northeast-2.amazonaws.com/diary/8d9220ac-d3da-4ff8-89f7-df389fa6724e.jpg', '휴식 공간이 있어요!', 0, '2021-05-19 20:18:06', '광주 광산구 장덕동', 143),
	(82, 35, 'a8n9e2f4n7m9r', 0, 'https://walkiedoggie.s3.ap-northeast-2.amazonaws.com/diary/57233f3a-ea62-42b2-afdc-537c8563d83e.jpg', '휴식 공간이 있어요!', 1, '2021-05-19 20:19:00', '광주 광산구 장덕동', 146),
	(83, 38, 'e7a8p2j6e1f9b', 0, 'https://walkiedoggie.s3.ap-northeast-2.amazonaws.com/diary/2b6d3c1b-37a5-49b0-a39d-e8bebd59f0e0.jpg', '사진이 잘 나와요!', 1, '2021-05-19 20:24:46', '광주 광산구 장덕동', 148),
	(84, 28, 'e7e2l7s5e3l6m', 0, 'https://walkiedoggie.s3.ap-northeast-2.amazonaws.com/diary/4474fa67-f4bf-4b33-9f4f-b767190725a8.jpg', '날씨가 좋아요!', 0, '2021-05-19 23:47:22', '경기 파주시 야당동', 154),
	(85, 28, 'g7u7l8w4l1x2q', 0, 'https://walkiedoggie.s3.ap-northeast-2.amazonaws.com/diary/694aa78a-a973-465c-aae1-4488b81684b7.JPG', '날씨가 좋아요!', 0, '2021-05-19 23:48:24', '경기 파주시 야당동', 156),
	(86, 39, 'd8a4u1i9w3l8r', 0, 'https://walkiedoggie.s3.ap-northeast-2.amazonaws.com/diary/6950432a-9491-4940-b4e7-ff5cb989f550.jpg', '사진이 잘 나와요!', 0, '2021-05-20 09:57:04', '경기 파주시 와동동', 169),
	(89, 5, 'a8n9e2f4n7m9r', 0, 'https://walkiedoggie.s3.ap-northeast-2.amazonaws.com/diary/ec26e4aa-69bf-4a99-9f5f-8c61de7ae85a.jpg', '사진이 잘 나와요!', 0, '2021-05-20 11:39:25', '광주 광산구 수완동', 173),
	(90, 41, 'v4w9f5p2b7c2n', 1, 'https://walkiedoggie.s3.ap-northeast-2.amazonaws.com/diary/fe03a9e4-b1e3-43d2-ba9d-694bd3f233ab.jpg', '마킹을 했어요!', 0, '2021-05-20 11:52:45', '서울 성북구 하월곡동', 174),
	(91, 42, 'd9s6e3h8f1v1b', 0, 'https://walkiedoggie.s3.ap-northeast-2.amazonaws.com/diary/73ed7845-dbdd-4c41-96eb-125f0d2f337d.jpg', '사진이 잘 나와요!', 0, '2021-05-20 14:35:54', '광주 광산구 산정동', 178),
	(92, 43, 'd9s6e3h8f1v1b', 1, 'https://walkiedoggie.s3.ap-northeast-2.amazonaws.com/diary/ab16ef8c-db71-4621-9418-69761bbdc1b4.jpg', '휴식 공간이 있어요!', 0, '2021-05-20 14:39:01', '광주 광산구 산정동', 178),
	(93, 44, 'y2a6u8c5v7o5f', 0, 'https://walkiedoggie.s3.ap-northeast-2.amazonaws.com/diary/edbeeeda-84eb-4f2d-ab12-5976ed34e62c.jpg', '사진이 잘 나와요!', 0, '2021-05-20 15:32:24', '광주 광산구 산정동', 180),
	(94, 45, 'r9o4v2x3k3l4g', 1, 'https://walkiedoggie.s3.ap-northeast-2.amazonaws.com/diary/3607dfc7-d509-4753-b604-aa8498c8fb5c.jpg', '사진이 잘 나와요!', 0, '2021-05-20 15:33:59', '경기 파주시 야당동', 181),
	(95, 46, 'y2a6u8c5v7o5f', 0, 'https://walkiedoggie.s3.ap-northeast-2.amazonaws.com/diary/ad049a3e-86eb-4383-8e49-bd9f26f86c98.jpg', '휴식 공간이 있어요!', 0, '2021-05-20 15:34:22', '광주 광산구 산정동', 180),
	(96, 47, 'y2a6u8c5v7o5f', 0, 'https://walkiedoggie.s3.ap-northeast-2.amazonaws.com/diary/aebb628f-ea42-43e4-936e-6831094d9571.jpg', '휴식 공간이 있어요!', 1, '2021-05-20 15:45:45', '광주 광산구 산정동', 182),
	(97, 48, 'y2a6u8c5v7o5f', 0, 'https://walkiedoggie.s3.ap-northeast-2.amazonaws.com/diary/df449591-e025-424c-953f-f3759737c516.jpg', '휴식 공간이 있어요!', 0, '2021-05-20 15:46:34', '광주 광산구 산정동', 182),
	(98, 49, 'y2a6u8c5v7o5f', 0, 'https://walkiedoggie.s3.ap-northeast-2.amazonaws.com/diary/b45ac825-f2bb-457d-ad06-3e6825b3d0b4.jpg', '마킹을 했어요!', 0, '2021-05-20 15:48:21', '광주 광산구 산정동', 182),
	(99, 50, 'y2a6u8c5v7o5f', 0, 'https://walkiedoggie.s3.ap-northeast-2.amazonaws.com/diary/6a5e76d9-47de-4152-b8ca-3cf77efffdd7.jpg', '마킹을 했어요!', 0, '2021-05-20 15:50:19', '광주 광산구 산정동', 183),
	(100, 51, 'y2a6u8c5v7o5f', 0, 'https://walkiedoggie.s3.ap-northeast-2.amazonaws.com/diary/9a69da62-ab77-4058-95a0-d014c547f00b.jpg', '마킹을 했어요!', 0, '2021-05-20 15:53:01', '광주 광산구 하남동', 183),
	(101, 52, 'y2a6u8c5v7o5f', 0, 'https://walkiedoggie.s3.ap-northeast-2.amazonaws.com/diary/c5849259-352e-4c44-8912-8b4ce8c959b4.jpg', '사진이 잘 나와요!', 1, '2021-05-20 15:55:19', '광주 광산구 산정동', 183),
	(102, 53, 'y2a6u8c5v7o5f', 0, 'https://walkiedoggie.s3.ap-northeast-2.amazonaws.com/diary/d0f6646b-8e8c-4aa4-944b-95fa1cb5334a.jpg', '사진이 잘 나와요!', 1, '2021-05-20 15:57:20', '광주 광산구 산정동', 183),
	(103, 45, 'r9o4v2x3k3l4g', 1, 'https://walkiedoggie.s3.ap-northeast-2.amazonaws.com/diary/45c43486-35b2-406d-9516-24b32936596b.jpg', '사진이 잘 나와요!', 0, '2021-05-20 16:33:11', '경기 파주시 야당동', 184),
	(104, 45, 'r9o4v2x3k3l4g', 0, 'https://walkiedoggie.s3.ap-northeast-2.amazonaws.com/diary/7f7f75d9-953f-4e2b-b328-3b4dbdcecc3d.jpg', '사진이 잘 나와요!', 0, '2021-05-20 16:34:23', '경기 파주시 야당동', 185),
	(105, 54, 'g6z9n8f7w2y8c', 1, 'https://walkiedoggie.s3.ap-northeast-2.amazonaws.com/diary/1f861e08-19bf-4596-8f6f-631c6806ae97.jpg', '사진이 잘 나와요!', 0, '2021-05-20 17:03:17', '경기 파주시 와동동', 186),
	(106, 55, 'v4w9f5p2b7c2n', 0, 'https://walkiedoggie.s3.ap-northeast-2.amazonaws.com/diary/bf3ad4df-0754-427c-b732-e26d41a830ec.jpg', '마킹을 했어요!', 1, '2021-05-20 19:35:14', '서울 성북구 하월곡동', 187),
	(107, 56, 'v4w9f5p2b7c2n', 0, 'https://walkiedoggie.s3.ap-northeast-2.amazonaws.com/diary/bae93f6d-9a06-41c9-8844-a74e3b746e24.jpg', '사진이 잘 나와요!', 1, '2021-05-20 19:39:44', '서울 성북구 하월곡동', 187),
	(108, 57, 'v4w9f5p2b7c2n', 0, 'https://walkiedoggie.s3.ap-northeast-2.amazonaws.com/diary/a5eee6d8-c02e-47e9-b09d-59143969bc29.jpg', '사진이 잘 나와요!', 1, '2021-05-20 19:45:28', '서울 성북구 하월곡동', 187),
	(109, 58, 'v4w9f5p2b7c2n', 0, 'https://walkiedoggie.s3.ap-northeast-2.amazonaws.com/diary/0c77f805-d155-4fb4-b35e-b29b377d328a.jpg', '날씨가 좋아요!', 1, '2021-05-20 19:47:37', '서울 성북구 하월곡동', 187),
	(110, 59, 'v4w9f5p2b7c2n', 0, 'https://walkiedoggie.s3.ap-northeast-2.amazonaws.com/diary/1b1f6551-156f-4307-b3eb-0d55582a9fcc.jpg', '휴식 공간이 있어요!', 1, '2021-05-20 19:51:27', '서울 성북구 하월곡동', 187),
	(111, 60, 'e7e2l7s5e3l6m', 0, 'https://walkiedoggie.s3.ap-northeast-2.amazonaws.com/diary/e114c437-9e36-491a-a8fb-52144b1f51b2.jpg', '사진이 잘 나와요!', 1, '2021-05-20 19:53:36', '광주 광산구 장덕동', 190),
	(112, 61, 'e7e2l7s5e3l6m', 1, 'https://walkiedoggie.s3.ap-northeast-2.amazonaws.com/diary/80b0faa7-6614-452a-ad2d-d9f225245bbf.jpg', '날씨가 좋아요!', 1, '2021-05-20 19:54:29', '광주 광산구 장덕동', 190),
	(113, 62, 'a8n9e2f4n7m9r', 0, 'https://walkiedoggie.s3.ap-northeast-2.amazonaws.com/diary/591fbe24-23dc-476d-954e-cc6475e982e5.jpg', '마킹을 했어요!', 0, '2021-05-20 23:33:26', '광주 광산구 장덕동', 196);
/*!40000 ALTER TABLE `LikePlace` ENABLE KEYS */;

-- 테이블 pet.LikePost 구조 내보내기
CREATE TABLE IF NOT EXISTS `LikePost` (
  `lid` int(11) NOT NULL,
  `uid` char(13) NOT NULL,
  PRIMARY KEY (`uid`,`lid`),
  KEY `FK2_LikePlace_LikePost` (`lid`),
  KEY `FK1_User_LikePost` (`uid`) USING BTREE,
  CONSTRAINT `FK1_User_LikePost` FOREIGN KEY (`uid`) REFERENCES `User` (`uid`) ON DELETE CASCADE ON UPDATE CASCADE,
  CONSTRAINT `FK2_LikePlace_LikePost` FOREIGN KEY (`lid`) REFERENCES `LikePlace` (`lid`) ON DELETE CASCADE ON UPDATE CASCADE
) ENGINE=InnoDB DEFAULT CHARSET=utf8;

-- 테이블 데이터 pet.LikePost:~19 rows (대략적) 내보내기
/*!40000 ALTER TABLE `LikePost` DISABLE KEYS */;
INSERT IGNORE INTO `LikePost` (`lid`, `uid`) VALUES
	(28, 'b4f1n9b2b8d3e'),
	(55, 'b4f1n9b2b8d3e'),
	(57, 'b4f1n9b2b8d3e'),
	(96, 'b4f1n9b2b8d3e'),
	(101, 'b4f1n9b2b8d3e'),
	(102, 'b4f1n9b2b8d3e'),
	(67, 'h1p8v2b5n5a6g'),
	(111, 'h1p8v2b5n5a6g'),
	(112, 'h1p8v2b5n5a6g'),
	(40, 'h7c3l1r5l2h5n'),
	(66, 'h7c3l1r5l2h5n'),
	(67, 'm6v2y5l5v1a7h'),
	(73, 'm6v2y5l5v1a7h'),
	(106, 'x2j4y7s9v8l5n'),
	(107, 'x2j4y7s9v8l5n'),
	(108, 'x2j4y7s9v8l5n'),
	(109, 'x2j4y7s9v8l5n'),
	(110, 'x2j4y7s9v8l5n');
/*!40000 ALTER TABLE `LikePost` ENABLE KEYS */;

-- 테이블 pet.Pet 구조 내보내기
CREATE TABLE IF NOT EXISTS `Pet` (
  `peid` char(13) NOT NULL,
  `uid` char(13) DEFAULT NULL,
  `pe_name` varchar(50) DEFAULT NULL,
  `pe_profile_photo` varchar(255) DEFAULT NULL,
  `pe_age` varchar(50) DEFAULT NULL,
  `pe_weight` float DEFAULT NULL,
  `pe_trauma` varchar(255) DEFAULT NULL,
  `pe_disease` varchar(255) DEFAULT NULL,
  `pe_birthday` datetime DEFAULT NULL,
  `pe_flag` tinyint(4) DEFAULT 0,
  PRIMARY KEY (`peid`),
  KEY `FK1_User_Pet` (`uid`),
  CONSTRAINT `FK1_User_Pet` FOREIGN KEY (`uid`) REFERENCES `User` (`uid`) ON DELETE CASCADE ON UPDATE CASCADE
) ENGINE=InnoDB DEFAULT CHARSET=utf8;

-- 테이블 데이터 pet.Pet:~45 rows (대략적) 내보내기
/*!40000 ALTER TABLE `Pet` DISABLE KEYS */;
INSERT IGNORE INTO `Pet` (`peid`, `uid`, `pe_name`, `pe_profile_photo`, `pe_age`, `pe_weight`, `pe_trauma`, `pe_disease`, `pe_birthday`, `pe_flag`) VALUES
	('a1i6i3u6v3c1x', 'e4o9e9c1m9o9z', '강쥐1', 'https://walkiedoggie.s3.ap-northeast-2.amazonaws.com/pet/cb1539e7-f199-4d05-84e9-74f11a5b78d8.jpg', '2', 12, '', '', '2021-05-17 00:00:00', 0),
	('a6h8j2k6m2h6b', 'e4o9e9c1m9o9z', 'AAA', 'https://walkiedoggie.s3.ap-northeast-2.amazonaws.com/pet/f078f68a-13fe-474d-8898-b7478c7b3978.jpg', '12', 23, '', '', '2021-05-17 00:00:00', 0),
	('a8i2y1k6g4a8t', 'f5w4s7i8c4j9b', '아지', 'https://walkiedoggie.s3.ap-northeast-2.amazonaws.com/pet/c373b16b-066e-456a-b336-fd1b21c4dcb9.jpg', '3', 10, '', '', '2021-05-20 00:00:00', 0),
	('a8n9e2f4n7m9r', 'h7c3l1r5l2h5n', '해피', 'https://walkiedoggie.s3.ap-northeast-2.amazonaws.com/pet/079af957-933f-4c30-b5db-90adeadfad0c.jpg', '2', 3.5, '', '', '2020-07-29 00:00:00', 0),
	('b6h4q2a3u5w8u', NULL, '루루루루', 'https://walkiedoggie.s3.ap-northeast-2.amazonaws.com/pet/825074b9-71b8-4591-a2af-cba6f8ae534d.jpeg', '123', 234, 'ㅠ', 'ㅊ', '2021-05-17 00:00:00', 0),
	('b6m1b6g1r5f2x', 'e4o9e9c1m9o9z', '강쥐1', 'https://walkiedoggie.s3.ap-northeast-2.amazonaws.com/pet/b9153c51-50b2-40ce-8d89-fc89a7dfdfbd.jpg', '2', 12, '', '', '2021-05-17 00:00:00', 0),
	('c9s7k9j6m6w2f', 'b4f1n9b2b8d3e', '개똥벌레', 'https://walkiedoggie.s3.ap-northeast-2.amazonaws.com/pet/1b3506fc-0e9b-41b1-97fa-53957ed080fe.jpg', '11', 1, '', '', '2021-05-17 00:00:00', 0),
	('d4b4w7z9r7h7y', 'b4f1n9b2b8d3e', '존잘김태형', 'https://walkiedoggie.s3.ap-northeast-2.amazonaws.com/pet/8084e13c-e157-4570-824f-5ef864b9e281.jfif', '1', 14, '', '', '2021-05-17 00:00:00', 0),
	('d5w9b1w4j5y9w', 'h1u8o3b6s7t2j', '개', '', '12', 6, '', '', '2021-05-20 00:00:00', 0),
	('d8a4u1i9w3l8r', 'm6v2y5l5v1a7h', '1', 'https://walkiedoggie.s3.ap-northeast-2.amazonaws.com/pet/6b65ce5a-55ca-481a-9e84-c1ae68d2c86a.jpg', '1', 1, '', 'ㄴㅇㄹㅇㄹㄴㅇㄹㄴㅇㄹㄴㅇ', '2021-05-19 00:00:00', 1),
	('d9s6e3h8f1v1b', 'b4f1n9b2b8d3e', '포도', 'https://walkiedoggie.s3.ap-northeast-2.amazonaws.com/pet/e0b6e255-c99b-420d-9867-be96b9a0e683.jpeg', '1', 2, '', '', '2021-05-20 00:00:00', 0),
	('e7a8p2j6e1f9b', 'g6p2k1h6q6g8w', '햄토리', 'https://walkiedoggie.s3.ap-northeast-2.amazonaws.com/pet/8e0c0ad2-8b86-4cb2-9978-c72e5454a1fe.jpg', '1', 1, '', '', '2021-05-17 00:00:00', 0),
	('e7e2l7s5e3l6m', 'h1p8v2b5n5a6g', '뿡뿡', 'https://walkiedoggie.s3.ap-northeast-2.amazonaws.com/pet/5a8ae783-8f97-4aef-b496-cac77f45ea21.jpg', '12', 1, '', '', '2021-05-19 00:00:00', 0),
	('e9o6h2o2i8j9t', 'b4f1n9b2b8d3e', '죽여줘', 'https://walkiedoggie.s3.ap-northeast-2.amazonaws.com/pet/74069ace-ebf2-4ec9-9fc5-e6e24176e259.jfif', '5', 5, '', '', '2021-05-17 00:00:00', 0),
	('g6z9n8f7w2y8c', 'w6h9e3y3w4l6e', '곰곰이', 'https://walkiedoggie.s3.ap-northeast-2.amazonaws.com/pet/2a73eb4f-6845-43b2-989e-ace1bca90399.png', '18', 5, '', '', '2001-03-01 00:00:00', 0),
	('g7u7l8w4l1x2q', 'h1p8v2b5n5a6g', '테스트', 'https://walkiedoggie.s3.ap-northeast-2.amazonaws.com/pet/43c4104b-ffc3-45cf-a6c9-861269a6343f.JPG', '1', 2, '', '', '2021-05-19 00:00:00', 0),
	('g7z9c4a4f1s5s', 'g6p2k1h6q6g8w', 'doggy', 'https://walkiedoggie.s3.ap-northeast-2.amazonaws.com/pet/a284be1e-e6a2-4e26-9f08-191752ce1629.jpg', '3', 3, '', '', '2021-05-17 00:00:00', 0),
	('i3y8s2r2s7j2l', 'd3h5k7h7q2j6h', 'ㅎㅖ쑤', 'https://walkiedoggie.s3.ap-northeast-2.amazonaws.com/pet/91b298de-7119-485e-b5e2-1631c2ae296e.jpeg', '123', 1243, 'ㅁㄴㄹ', 'ㅁㄴㅇ', '2021-05-17 00:00:00', 0),
	('j5c1z9n6g9d5d', 'b4f1n9b2b8d3e', '제발이제되는거야', 'https://walkiedoggie.s3.ap-northeast-2.amazonaws.com/pet/11e30244-c2c8-4485-bc77-a9bac93fdcd2.jpg', '26', 5, '', '', '2021-05-17 00:00:00', 0),
	('j5y3z3l6f8h5s', 'h1p8v2b5n5a6g', '최진영', 'https://walkiedoggie.s3.ap-northeast-2.amazonaws.com/pet/6d00d0d7-a76e-40d4-bc13-9e7dbc138f45.PNG', '111', 111, 's', 'a', '2021-05-17 00:00:00', 1),
	('k7a8a9u3w6c6s', 'h1p8v2b5n5a6g', '정국의개', 'https://walkiedoggie.s3.ap-northeast-2.amazonaws.com/pet/93b12524-35d2-48b7-9b5f-ca85f5efcfe5.jpg', '1', 1, '1', '1', '2021-05-17 00:00:00', 1),
	('k9n3q2m5c1o8r', 'h1p8v2b5n5a6g', '송강존잘', 'https://walkiedoggie.s3.ap-northeast-2.amazonaws.com/pet/1037e61b-7bb9-4c76-a2cd-4aa0e35720a3.jpg', '1', 1, '1', '1', '2021-05-17 00:00:00', 0),
	('l7e7c7m7p1l4x', 'h1p8v2b5n5a6g', 'ㅇ', 'https://walkiedoggie.s3.ap-northeast-2.amazonaws.com/pet/32a0bc8c-30c7-4753-bef1-2a33d5c2a8f9.PNG', '1', 1, '', '', '2021-05-17 00:00:00', 1),
	('l8j1w8i9o2f6n', 'h1p8v2b5n5a6g', '2', 'https://walkiedoggie.s3.ap-northeast-2.amazonaws.com/pet/c6f2a8fc-80a5-4d69-82e2-ef16c5731868.jpg', '2', 2, '2', '2', '2021-05-17 00:00:00', 1),
	('n1t8r6m8e1j8x', 'b4f1n9b2b8d3e', '제발', 'https://walkiedoggie.s3.ap-northeast-2.amazonaws.com/pet/ba81ea83-518e-4ad3-9fa2-1b1e6f83eb10.jpg', '26', 2, '', '', '2021-05-17 00:00:00', 0),
	('n7k4t3y8n6p8u', 'h1p8v2b5n5a6g', 'd', 'https://walkiedoggie.s3.ap-northeast-2.amazonaws.com/pet/cff9a121-86cd-46e6-885b-4c7a31f5644a.PNG', '1', 1, '', '', '2021-05-17 00:00:00', 1),
	('o9q3a9p5b5w7q', 'b4f1n9b2b8d3e', '6조상큼이', 'https://walkiedoggie.s3.ap-northeast-2.amazonaws.com/pet/5d8725ae-bed4-404d-9ee9-a09c8d1b81d2.jpg', '26', 1, '', '', '2021-05-17 00:00:00', 0),
	('p2d7x8s3j4y9x', 'b4f1n9b2b8d3e', '제발그만하자', 'https://walkiedoggie.s3.ap-northeast-2.amazonaws.com/pet/be0d0417-111a-4fd4-9dd9-6e6f4334eea7.jpg', '1', 2, '', '', '2021-05-17 00:00:00', 0),
	('p7q6u1s8g7x6c', 'x2j4y7s9v8l5n', '초코', 'https://walkiedoggie.s3.ap-northeast-2.amazonaws.com/pet/2952d30c-fd66-4147-bb97-fd1b2b34826b.jpg', '2', 5, '', '', '2020-04-15 00:00:00', 0),
	('p8j5c4h1z2y9f', 'e4o9e9c1m9o9z', '강쥐2', 'https://walkiedoggie.s3.ap-northeast-2.amazonaws.com/pet/633e4bb1-3e03-4262-9ab5-8ad675b6cd3a.jpg', '2', 12, '', '', '2021-05-17 00:00:00', 0),
	('q3q8d5p7j2y3l', 'e4o9e9c1m9o9z', 'eferw3', 'https://walkiedoggie.s3.ap-northeast-2.amazonaws.com/pet/0f7bfed0-94b8-4ea6-a28e-219225af62c0.jpg', '12', 23, '', '', '2021-05-17 00:00:00', 0),
	('q5d6p5c5o8t4i', 'h1p8v2b5n5a6g', '후하후하', 'https://walkiedoggie.s3.ap-northeast-2.amazonaws.com/pet/ab2dba7f-1f47-4e0c-b980-c0cfeb636803.jpg', '1', 1, '', '', '2021-05-17 00:00:00', 1),
	('q5e4l7n9e2j1o', 'b4f1n9b2b8d3e', '깡', 'https://walkiedoggie.s3.ap-northeast-2.amazonaws.com/pet/5d9cec28-339f-4b2f-b56a-755f69cedc12.jpg', '11', 1, '', '', '2021-05-17 00:00:00', 0),
	('q6b8r3s8k1z7g', 'e5e3q4e7h6k8j', '송강내꼬', 'https://walkiedoggie.s3.ap-northeast-2.amazonaws.com/pet/b157a905-cb0a-47a2-a511-f6865a7d5e9d.jpg', '1', 1, '1', '11', '2021-05-17 00:00:00', 0),
	('r9o4v2x3k3l4g', 'm6v2y5l5v1a7h', '송강내꼬we', 'https://walkiedoggie.s3.ap-northeast-2.amazonaws.com/pet/3ba893da-838d-41b4-96e2-4b2b822d122a.jpg', '1', 1, '', '', '2021-05-17 00:00:00', 0),
	('s8t9g3x6i5k3l', 'b4f1n9b2b8d3e', '제발', 'https://walkiedoggie.s3.ap-northeast-2.amazonaws.com/pet/98303184-d6df-4643-943f-6214b2276312.jpg', '1', 1, '', '', '2021-05-08 00:00:00', 0),
	('t2w6x1y6y9l5q', 'd9v8x8u3t3g5h', '뿌뿌', 'https://walkiedoggie.s3.ap-northeast-2.amazonaws.com/pet/46bdf534-5685-4173-93a3-ddf442919205.jpeg', '1', 1, '', '', '2021-05-20 00:00:00', 0),
	('t8b3u9n4p2i5u', 'x8w5o7r3u1n7e', '냥냥', 'https://walkiedoggie.s3.ap-northeast-2.amazonaws.com/pet/a3765fcc-884b-4acc-8ec0-f5c506cb9b78.jpg', '22', 2, '', '', '2021-05-20 00:00:00', 0),
	('u4g2v7u9w6x2n', NULL, 'ㅇㅇ', 'https://walkiedoggie.s3.ap-northeast-2.amazonaws.com/pet/3307bd9d-be4d-428e-8878-26ae6d339677.jpeg', '13', 41, 'ㅁㄴㄹ', 'ㅁㅁㄴㅇ', '2021-05-17 00:00:00', 0),
	('u4o4u1h1f3v1h', 'b4f1n9b2b8d3e', '이제될때다', 'https://walkiedoggie.s3.ap-northeast-2.amazonaws.com/pet/89b34f00-9bda-4863-98e6-1c244fd3851d.png', '26', 5, '', '', '2021-05-17 00:00:00', 0),
	('u9k3q5i1t6z5a', NULL, '토큰개빡쳐', '', '3', 3, '', '3', '2021-05-17 00:00:00', 0),
	('v4w9f5p2b7c2n', 'y9x5k3x6a7b4g', '아지아지', 'https://walkiedoggie.s3.ap-northeast-2.amazonaws.com/pet/c96f5dd5-937e-48c1-b5d9-b01e8f29f611.jpg', '2', 5, '', '애견 아토피', '2020-04-10 00:00:00', 0),
	('w9a2u7n8t2v4r', 'e4o9e9c1m9o9z', '1e2', 'https://walkiedoggie.s3.ap-northeast-2.amazonaws.com/pet/e0eece2a-d610-462c-afe3-9c7bc7c41f5a.jpg', '12', 23, '', '', '2021-05-17 00:00:00', 0),
	('y2a6u8c5v7o5f', 'b4f1n9b2b8d3e', '포도', 'https://walkiedoggie.s3.ap-northeast-2.amazonaws.com/pet/6454e4b3-e548-409e-87ce-70ae02185644.jpeg', '1', 2, '', '', '2021-05-20 00:00:00', 0),
	('y4d1i1l9v3j7s', 'h1p8v2b5n5a6g', 'ㅂㅂㅂ', 'https://walkiedoggie.s3.ap-northeast-2.amazonaws.com/pet/3005d3c8-f4b8-42ec-b2cb-cc2d7b9b6478.jpg', '1', 1, '', '', '2021-05-17 00:00:00', 1),
	('z5f5m9i1l9u5b', 'm6v2y5l5v1a7h', '123', 'https://walkiedoggie.s3.ap-northeast-2.amazonaws.com/pet/2965a0d3-2969-43f3-9783-c1ee28b31413.jpg', '12', 12, '', '', '2021-05-17 00:00:00', 0);
/*!40000 ALTER TABLE `Pet` ENABLE KEYS */;

-- 테이블 pet.Place 구조 내보내기
CREATE TABLE IF NOT EXISTS `Place` (
  `pid` int(11) NOT NULL AUTO_INCREMENT,
  `p_latitude` double DEFAULT NULL,
  `p_longtitude` double DEFAULT NULL,
  `p_like` int(11) DEFAULT 0,
  `p_flag` tinyint(4) DEFAULT 0,
  PRIMARY KEY (`pid`)
) ENGINE=InnoDB AUTO_INCREMENT=62 DEFAULT CHARSET=utf8;

-- 테이블 데이터 pet.Place:~60 rows (대략적) 내보내기
/*!40000 ALTER TABLE `Place` DISABLE KEYS */;
INSERT IGNORE INTO `Place` (`pid`, `p_latitude`, `p_longtitude`, `p_like`, `p_flag`) VALUES
	(2, 35.205163899999995, 126.81169919999999, 1, 0),
	(3, 35.907757, 127.76692200000001, 6, 0),
	(4, 35.1709159, 126.8017262, 0, 0),
	(5, 35.199253999999996, 126.8277189, 6, 0),
	(6, 37.706423699999995, 126.7496159, 3, 0),
	(7, 35.2051641, 126.81169719999998, 1, 0),
	(8, 35.1731712, 126.79249920000001, 2, 0),
	(9, 37.731057799999995, 126.7594292, 0, 0),
	(10, 35.1709175, 126.8017205, 0, 0),
	(11, 35.1709549, 126.8017701, 0, 0),
	(12, 35.1709545, 126.80168769999999, 0, 0),
	(13, 35.1709157, 126.80172189999999, 1, 0),
	(14, 0, 0, 3, 0),
	(15, 35.1709122, 126.80175220000001, 0, 0),
	(16, 35.1914853, 126.81227530000001, 1, 0),
	(17, 35.19152270000001, 126.81230529999999, 1, 0),
	(18, 35.1914903, 126.8122743, 1, 0),
	(19, 37.6079321, 127.037112, 0, 0),
	(20, 35.17608214308289, 126.80232376899097, 1, 0),
	(21, 35.190112, 126.8241165, 2, 0),
	(22, 35.17530364191944, 126.80160713531473, 1, 0),
	(23, 37.7312259, 126.7590892, 1, 0),
	(24, 35.17506954890015, 126.80186801936023, 1, 0),
	(25, 35.17206349166902, 126.80166290886713, 0, 0),
	(26, 35.171227119024465, 126.80179855307189, 1, 0),
	(27, 37.730004099999995, 126.76008489999998, 1, 0),
	(28, 37.7101371, 126.7496159, 9, 0),
	(29, 35.1725712, 126.7954147, 0, 0),
	(30, 35.1900687, 126.82417, 1, 0),
	(31, 35.17125112579662, 126.80171326331431, 0, 0),
	(32, 37.7310398, 126.7594496, 1, 0),
	(33, 35.17051305925602, 126.80239424959171, 1, 0),
	(34, 35.16999372081732, 126.80239380376143, 1, 0),
	(35, 35.1906469, 126.8133106, 2, 0),
	(36, 35.190714185014734, 126.81338822325405, 1, 0),
	(37, 35.19066013209723, 126.81591320722514, 1, 0),
	(38, 35.1906979, 126.8189667, 1, 0),
	(39, 37.7302892, 126.75980550000001, 1, 0),
	(40, 35.1893226, 126.81208720000001, 2, 0),
	(41, 37.6076192, 127.0364814, 0, 0),
	(42, 35.16989289089158, 126.80292446954888, 1, 0),
	(43, 35.17254895391501, 126.80276851859463, 0, 0),
	(44, 35.17501553861155, 126.80432161786156, 1, 0),
	(45, 37.7109872, 126.75195219999998, 1, 0),
	(46, 35.17508020626734, 126.80426694217603, 1, 0),
	(47, 35.17588728600504, 126.80179856211724, 1, 0),
	(48, 35.1762406205757, 126.80173827523589, 1, 0),
	(49, 35.176353783590706, 126.80165202844258, 1, 0),
	(50, 35.17589850139159, 126.80237753395019, 1, 0),
	(51, 35.17693185966449, 126.80315393717372, 1, 0),
	(52, 35.17601725760229, 126.80429152849868, 1, 0),
	(53, 35.17494231907953, 126.80431332202957, 1, 0),
	(54, 37.73055784426322, 126.75992505420066, 0, 0),
	(55, 37.6078708, 127.0370092, 1, 0),
	(56, 37.6058512, 127.0370499, 1, 0),
	(57, 37.604227, 127.0397097, 1, 0),
	(58, 37.6040001, 127.0412907, 1, 0),
	(59, 37.6052387, 127.0415023, 1, 0),
	(60, 35.191815327459445, 126.81206414489593, 1, 0),
	(61, 35.19180630252456, 126.81229531723386, 0, 0),
	(62, 35.1862784, 126.8154368, 1, 0);
/*!40000 ALTER TABLE `Place` ENABLE KEYS */;

-- 테이블 pet.User 구조 내보내기
CREATE TABLE IF NOT EXISTS `User` (
  `uid` char(13) NOT NULL,
  `u_email` varchar(50) DEFAULT NULL,
  `u_password` varchar(255) DEFAULT NULL,
  `u_location` varchar(255) DEFAULT NULL,
  `u_nickname` varchar(50) DEFAULT NULL,
  `u_flag` int(11) DEFAULT 0,
  PRIMARY KEY (`uid`)
) ENGINE=InnoDB DEFAULT CHARSET=utf8;

-- 테이블 데이터 pet.User:~28 rows (대략적) 내보내기
/*!40000 ALTER TABLE `User` DISABLE KEYS */;
INSERT IGNORE INTO `User` (`uid`, `u_email`, `u_password`, `u_location`, `u_nickname`, `u_flag`) VALUES
	('b4f1n9b2b8d3e', 'daministrator1211@gmail.com', '6aba834f044ee35f70a5faa0e2c22b67477b5ac6dcdcd83fc2ce906ba72a8e1d', '광주 광산구 산정동', '삼성의개', 0),
	('c2b4z8v7n3p5z', 'lynnlyj9@hanmail.net', NULL, '광주 광산구 장덕동', '.', 0),
	('d1p8o1o9f5b8b', 'ekals4407@naver.com', '6aba834f044ee35f70a5faa0e2c22b67477b5ac6dcdcd83fc2ce906ba72a8e1d', '광주 광산구 장덕동', '그만하자제발', 0),
	('d3h5k7h7q2j6h', 'ndrndr12@naver.com', 'fe825a6083b1041ad1bfea6bbecb70202c9a3140555b475a622bb3316a57ca10', '경기 파주시 와동동', '잔용규', 0),
	('d9v8x8u3t3g5h', 'hidy222@naver.com', NULL, '경기 파주시 동패동', '최서우', 0),
	('e4o9e9c1m9o9z', 'tlsdorye@gmail.com', '18138372fad4b94533cd4881f03dc6c69296dd897234e0cee83f727e2e6b1f63', NULL, 'shin', 0),
	('e5e3q4e7h6k8j', 'lynnlyj9@gmail.com', 'ef51306214d9a6361ee1d5b452e6d2bb70dc7ebb85bf9e02c3d4747fb57d6bec', '부산 강서구 신호동', '레샤덕후ㅋㄷ', 0),
	('f4l3u1k1x8q9w', NULL, NULL, '광주 광산구 산정동', 'ㅎㅅ', 0),
	('f5w4s7i8c4j9b', 'wngytkfkd@naver.com', '5994471abb01112afcc18159f6cc74b4f511b99806da59b3caf5a9c173cacfc5', '경기 성남시 분당구 판교동', '방아지', 0),
	('f6b7z7a7d3n1c', 'ghwoer12@naver.com', '03ac674216f3e15c761ee1a5e255f067953623c8b388b4459e13f978d7c846f4', '광주 광산구 장덕동', '수리', 0),
	('g4g7b5x7z5l4y', 'wi2469@naver.com', NULL, '광주 광산구 산정동', 'ㅎㅅ', 0),
	('g6p2k1h6q6g8w', 'sumin9497@gmail.com', '03ac674216f3e15c761ee1a5e255f067953623c8b388b4459e13f978d7c846f4', '광주 광산구 장덕동', 'minsu', 0),
	('h1p8v2b5n5a6g', 'gnyonge@naver.com', 'ef51306214d9a6361ee1d5b452e6d2bb70dc7ebb85bf9e02c3d4747fb57d6bec', '경기 파주시 야당동', '야이놈아진짜', 0),
	('h1u8o3b6s7t2j', 'wlstjs601@naver.com', NULL, '서울 성북구 돈암동', '진선', 0),
	('h5l8k5k5k4s6o', 'lynnlyj9@naver.com', 'fe825a6083b1041ad1bfea6bbecb70202c9a3140555b475a622bb3316a57ca10', '광주 광산구 장덕동', '안녀ㅕㅕㅕㅇ', 0),
	('h7c3l1r5l2h5n', 'sumin9497@naver.com', '03ac674216f3e15c761ee1a5e255f067953623c8b388b4459e13f978d7c846f4', '광주 광산구 수완동', 'sumin', 0),
	('k7s2m6e6c3d9n', 'ajtwoddl9610@nate.com', NULL, '광주 광산구 장덕동', '부리', 0),
	('l6g9b3m3n9r4j', NULL, NULL, '광주 광산구 장덕동', '우진', 0),
	('m6v2y5l5v1a7h', 'chjyznzl12@daum.net', NULL, '경기 파주시 야당동', '진영이', 0),
	('r7s9t3y6z4s1e', NULL, NULL, NULL, '진영이', 0),
	('u7s2q3i8j8f2z', 'ssafyuser@gmail.com', '6aba834f044ee35f70a5faa0e2c22b67477b5ac6dcdcd83fc2ce906ba72a8e1d', '광주 광산구 장덕동', 'admin', 0),
	('w6h9e3y3w4l6e', NULL, NULL, '경기 파주시 와동동', '최서우', 0),
	('w9f4g9c6l6h5b', 'yhk3134@daum.net', NULL, '경기 안양시 동안구 호계동', '김연희', 0),
	('x2j4y7s9v8l5n', 'storm_black@naver.com', NULL, '서울 성북구 하월곡동', '이세빈', 0),
	('x8w5o7r3u1n7e', 'salormin@hanmail.net', NULL, '광주 광산구 장덕동', '윤수민', 1),
	('y9x5k3x6a7b4g', 'light_of_world@naver.com', 'ef51306214d9a6361ee1d5b452e6d2bb70dc7ebb85bf9e02c3d4747fb57d6bec', '서울 성북구 하월곡동', '제발문제없어라', 0),
	('z3g2f6d9w4p7s', 'gnyonge@gmail.com', 'ef51306214d9a6361ee1d5b452e6d2bb70dc7ebb85bf9e02c3d4747fb57d6bec', NULL, '아진짜', 0),
	('z5n5x5o2b7v6w', 'rnfkcu@ajou.ac.kr', 'ef51306214d9a6361ee1d5b452e6d2bb70dc7ebb85bf9e02c3d4747fb57d6bec', '광주 광산구 장덕동', 'lynnㄱㅇㄹㅇ', 0);
/*!40000 ALTER TABLE `User` ENABLE KEYS */;

-- 테이블 pet.Walk 구조 내보내기
CREATE TABLE IF NOT EXISTS `Walk` (
  `wid` int(11) NOT NULL AUTO_INCREMENT,
  `peid` char(13) DEFAULT NULL,
  `w_img` varchar(255) DEFAULT NULL,
  `w_distance` float DEFAULT NULL,
  `w_time` int(11) DEFAULT NULL,
  `w_date` datetime DEFAULT NULL,
  `w_flag` tinyint(4) DEFAULT 0,
  `w_like` int(11) DEFAULT 0,
  `w_location` varchar(50) DEFAULT NULL,
  PRIMARY KEY (`wid`),
  KEY `FK1_Pet_Walk` (`peid`),
  CONSTRAINT `FK1_Pet_Walk` FOREIGN KEY (`peid`) REFERENCES `Pet` (`peid`) ON DELETE CASCADE ON UPDATE CASCADE
) ENGINE=InnoDB AUTO_INCREMENT=196 DEFAULT CHARSET=utf8;

-- 테이블 데이터 pet.Walk:~190 rows (대략적) 내보내기
/*!40000 ALTER TABLE `Walk` DISABLE KEYS */;
INSERT IGNORE INTO `Walk` (`wid`, `peid`, `w_img`, `w_distance`, `w_time`, `w_date`, `w_flag`, `w_like`, `w_location`) VALUES
	(1, 'a8n9e2f4n7m9r', NULL, 1.2, 0, '2021-05-17 04:28:13', 0, 0, '광주 광산구 수완동'),
	(2, 'o9q3a9p5b5w7q', NULL, 1.2, 0, '2021-05-17 04:31:05', 0, 0, '광주 광산구 산정동'),
	(3, 'a8n9e2f4n7m9r', NULL, 1.2, 0, '2021-05-17 04:31:21', 0, 0, '광주 광산구 수완동'),
	(4, 'k9n3q2m5c1o8r', NULL, 1.2, 0, '2021-05-17 05:06:35', 0, 0, '경기 파주시 와동동'),
	(5, 'k9n3q2m5c1o8r', NULL, 1.2, 0, '2021-05-17 05:08:01', 0, 0, '경기 파주시 동패동'),
	(6, 'k9n3q2m5c1o8r', NULL, 1.2, 0, '2021-05-17 05:09:27', 0, 0, '경기 파주시 동패동'),
	(7, 'k9n3q2m5c1o8r', NULL, 1.2, 0, '2021-05-17 05:10:29', 0, 0, '경기 파주시 동패동'),
	(8, 'k9n3q2m5c1o8r', NULL, 1.2, 0, '2021-05-17 05:11:14', 0, 0, '경기 파주시 동패동'),
	(9, 'q3q8d5p7j2y3l', NULL, 1.2, 0, '2021-05-17 05:18:16', 0, 0, '광주 광산구 오선동'),
	(10, 'a1i6i3u6v3c1x', NULL, 1.2, 0, '2021-05-17 05:21:28', 0, 0, '전북 무주군 설천면 삼공리 산 42'),
	(11, 'a1i6i3u6v3c1x', NULL, 1.2, 0, '2021-05-17 05:21:54', 0, 0, ''),
	(12, 'q3q8d5p7j2y3l', NULL, 1.2, 0, '2021-05-17 05:22:14', 0, 0, '전북 무주군 설천면 삼공리 산 42'),
	(13, 'a6h8j2k6m2h6b', NULL, 1.2, 0, '2021-05-17 05:26:06', 0, 0, '전북 무주군 설천면 삼공리 산 42'),
	(14, 'o9q3a9p5b5w7q', NULL, 1.2, 0, '2021-05-17 05:27:55', 0, 0, '광주 광산구 산정동'),
	(15, 'u4o4u1h1f3v1h', NULL, 1.2, 0, '2021-05-17 05:28:54', 0, 0, '광주 광산구 산정동'),
	(16, 'k9n3q2m5c1o8r', NULL, 1.2, 0, '2021-05-17 05:42:40', 0, 0, '경기 파주시 동패동'),
	(17, 'k7a8a9u3w6c6s', NULL, 1.2, 0, '2021-05-17 05:43:50', 0, 0, '경기 파주시 와동동'),
	(18, 'k7a8a9u3w6c6s', NULL, 1.2, 0, '2021-05-17 05:45:22', 0, 0, '경기 파주시 동패동'),
	(19, 'k7a8a9u3w6c6s', NULL, 1.2, 0, '2021-05-17 05:46:23', 0, 0, '경기 파주시 동패동'),
	(20, 'k9n3q2m5c1o8r', NULL, 1.2, 0, '2021-05-17 05:46:49', 0, 0, '경기 파주시 동패동'),
	(21, 'j5y3z3l6f8h5s', NULL, 1.2, 0, '2021-05-17 05:47:19', 0, 0, '경기 파주시 동패동'),
	(22, 'j5c1z9n6g9d5d', NULL, 1.2, 0, '2021-05-17 06:04:16', 0, 0, '광주 광산구 산정동'),
	(23, 'j5c1z9n6g9d5d', NULL, 1.2, 35, '2021-05-17 06:04:18', 0, 0, ''),
	(24, 'j5c1z9n6g9d5d', NULL, 1.2, 0, '2021-05-17 06:04:35', 0, 0, '광주 광산구 산정동'),
	(25, 'j5c1z9n6g9d5d', NULL, 1.2, 0, '2021-05-17 06:06:02', 0, 0, '광주 광산구 산정동'),
	(26, 'u4o4u1h1f3v1h', NULL, 1.2, 0, '2021-05-17 06:20:33', 0, 0, '광주 광산구 산정동'),
	(27, 'u4o4u1h1f3v1h', NULL, 1.2, 0, '2021-05-17 06:25:20', 0, 0, '광주 광산구 산정동'),
	(28, 'j5c1z9n6g9d5d', NULL, 1.2, 0, '2021-05-17 06:29:08', 0, 0, '광주 광산구 산정동'),
	(29, 'j5c1z9n6g9d5d', NULL, 1.2, 0, '2021-05-17 06:37:41', 0, 0, '광주 광산구 산정동'),
	(30, 'j5c1z9n6g9d5d', NULL, 1.2, 0, '2021-05-17 06:41:15', 0, 0, '광주 광산구 산정동'),
	(31, 'j5c1z9n6g9d5d', NULL, 1.2, 0, '2021-05-17 06:49:02', 0, 0, '광주 광산구 산정동'),
	(32, 'j5c1z9n6g9d5d', NULL, 1.2, 0, '2021-05-17 06:54:00', 0, 0, '광주 광산구 산정동'),
	(33, 'j5c1z9n6g9d5d', NULL, 1.2, 0, '2021-05-17 06:54:52', 0, 0, '광주 광산구 산정동'),
	(34, 'j5c1z9n6g9d5d', NULL, 1.2, 0, '2021-05-17 06:55:56', 0, 0, '광주 광산구 산정동'),
	(35, 'j5c1z9n6g9d5d', NULL, 1.2, 0, '2021-05-17 06:56:20', 0, 0, '광주 광산구 산정동'),
	(36, 'j5c1z9n6g9d5d', NULL, 1.2, 0, '2021-05-17 08:41:33', 0, 0, '광주 광산구 산정동'),
	(37, 'v4w9f5p2b7c2n', NULL, 1.2, 0, '2021-05-17 08:43:18', 0, 0, '서울 성북구 돈암동'),
	(38, 'd4b4w7z9r7h7y', NULL, 1.2, 0, '2021-05-17 08:51:08', 0, 0, '광주 광산구 산정동'),
	(39, 'd4b4w7z9r7h7y', NULL, 1.2, 0, '2021-05-17 08:51:11', 0, 0, '광주 광산구 산정동'),
	(40, 'p2d7x8s3j4y9x', NULL, 1.2, 0, '2021-05-17 08:55:47', 0, 0, '광주 광산구 산정동'),
	(41, 'p2d7x8s3j4y9x', NULL, 1.2, 0, '2021-05-17 08:56:04', 0, 0, '광주 광산구 산정동'),
	(42, 'p2d7x8s3j4y9x', NULL, 1.2, 0, '2021-05-17 08:56:19', 0, 0, '광주 광산구 산정동'),
	(43, 'p2d7x8s3j4y9x', NULL, 1.2, 0, '2021-05-17 17:59:14', 0, 0, '광주 광산구 산정동'),
	(44, 'p2d7x8s3j4y9x', NULL, 1.2, 0, '2021-05-17 17:59:44', 0, 0, '광주 광산구 산정동'),
	(45, 'p2d7x8s3j4y9x', NULL, 1.2, 0, '2021-05-17 18:02:40', 0, 0, '광주 광산구 산정동'),
	(46, 'v4w9f5p2b7c2n', NULL, 1.2, 0, '2021-05-17 18:04:21', 0, 0, '서울 성북구 돈암동'),
	(47, 'e9o6h2o2i8j9t', NULL, 1.2, 0, '2021-05-17 18:04:48', 0, 0, '광주 광산구 산정동'),
	(48, 'q5e4l7n9e2j1o', NULL, 1.2, 0, '2021-05-17 18:07:34', 0, 0, '광주 광산구 산정동'),
	(49, 'q5e4l7n9e2j1o', NULL, 1.2, 0, '2021-05-17 18:07:37', 0, 0, '광주 광산구 산정동'),
	(50, 'j5c1z9n6g9d5d', NULL, 1.2, 0, '2021-05-17 18:08:25', 0, 0, '광주 광산구 산정동'),
	(51, 'n1t8r6m8e1j8x', NULL, 1.2, 0, '2021-05-17 18:11:23', 0, 0, '광주 광산구 산정동'),
	(52, 'n1t8r6m8e1j8x', NULL, 1.2, 3, '2021-05-17 18:11:25', 0, 0, ''),
	(53, 'q5e4l7n9e2j1o', NULL, 1.2, 0, '2021-05-17 18:12:25', 0, 0, '광주 광산구 산정동'),
	(54, 'c9s7k9j6m6w2f', NULL, 1.2, 0, '2021-05-17 20:09:52', 0, 0, '광주 광산구 산정동'),
	(55, 'e7a8p2j6e1f9b', NULL, NULL, 60, '2021-05-17 20:53:59', 0, 0, '광주 광산구 수완동'),
	(56, 'c9s7k9j6m6w2f', NULL, 1.2, 0, '2021-05-17 21:23:55', 0, 0, '광주 광산구 산정동'),
	(58, 'k9n3q2m5c1o8r', NULL, 1.2, 0, '2021-05-17 22:51:56', 0, 0, '경기 파주시 동패동'),
	(59, 'k9n3q2m5c1o8r', NULL, 1.2, 0, '2021-05-17 22:56:06', 0, 0, '광주 광산구 장덕동'),
	(61, 'k9n3q2m5c1o8r', NULL, 1.2, 0, '2021-05-17 23:52:07', 0, 0, '광주 광산구 장덕동'),
	(62, 'd4b4w7z9r7h7y', NULL, NULL, NULL, '2021-05-18 00:03:41', 0, 0, '광주 광산구 산정동'),
	(63, 'c9s7k9j6m6w2f', NULL, NULL, NULL, '2021-05-18 00:24:43', 0, 0, '광주 광산구 산정동'),
	(64, 'c9s7k9j6m6w2f', NULL, NULL, NULL, '2021-05-18 00:24:47', 0, 0, '광주 광산구 산정동'),
	(65, 'c9s7k9j6m6w2f', NULL, NULL, NULL, '2021-05-18 00:40:02', 0, 0, '광주 광산구 산정동'),
	(66, 'c9s7k9j6m6w2f', NULL, NULL, NULL, '2021-05-18 00:40:51', 0, 0, '광주 광산구 산정동'),
	(67, 'c9s7k9j6m6w2f', NULL, NULL, NULL, '2021-05-18 00:52:52', 0, 0, '광주 광산구 산정동'),
	(68, 'c9s7k9j6m6w2f', NULL, NULL, NULL, '2021-05-18 00:53:12', 0, 0, ''),
	(69, 'c9s7k9j6m6w2f', NULL, NULL, NULL, '2021-05-18 00:54:14', 0, 0, '광주 광산구 산정동'),
	(70, 'c9s7k9j6m6w2f', NULL, NULL, NULL, '2021-05-18 00:56:02', 0, 0, '광주 광산구 산정동'),
	(71, 'c9s7k9j6m6w2f', NULL, NULL, NULL, '2021-05-18 00:58:48', 0, 0, '광주 광산구 산정동'),
	(72, 'c9s7k9j6m6w2f', NULL, NULL, NULL, '2021-05-18 00:59:27', 0, 0, '광주 광산구 산정동'),
	(73, 'c9s7k9j6m6w2f', NULL, NULL, NULL, '2021-05-18 00:59:58', 0, 0, '광주 광산구 산정동'),
	(74, 'c9s7k9j6m6w2f', NULL, NULL, NULL, '2021-05-18 01:00:52', 0, 0, '광주 광산구 산정동'),
	(75, 'c9s7k9j6m6w2f', NULL, NULL, NULL, '2021-05-18 01:01:41', 0, 0, '광주 광산구 산정동'),
	(76, 'c9s7k9j6m6w2f', NULL, NULL, NULL, '2021-05-18 01:03:04', 0, 0, '광주 광산구 산정동'),
	(77, 'c9s7k9j6m6w2f', NULL, NULL, NULL, '2021-05-18 01:03:09', 0, 0, '광주 광산구 산정동'),
	(78, 'c9s7k9j6m6w2f', NULL, NULL, NULL, '2021-05-18 01:04:19', 0, 0, '광주 광산구 산정동'),
	(79, 'c9s7k9j6m6w2f', NULL, NULL, NULL, '2021-05-18 01:05:56', 0, 0, '광주 광산구 산정동'),
	(80, 'c9s7k9j6m6w2f', NULL, NULL, NULL, '2021-05-18 01:15:46', 0, 0, '광주 광산구 산정동'),
	(81, 'c9s7k9j6m6w2f', NULL, NULL, NULL, '2021-05-18 01:24:33', 0, 0, '광주 광산구 산정동'),
	(82, 'c9s7k9j6m6w2f', NULL, NULL, NULL, '2021-05-18 01:35:36', 0, 0, '광주 광산구 산정동'),
	(83, 'v4w9f5p2b7c2n', NULL, NULL, 0, '2021-05-19 14:05:16', 2, 1, '서울 성북구 하월곡동'),
	(84, 'c9s7k9j6m6w2f', NULL, NULL, 0, '2021-05-19 14:06:43', 2, 5, '광주 광산구 산정동'),
	(85, 'v4w9f5p2b7c2n', NULL, NULL, NULL, '2021-05-19 14:07:17', 0, 0, ''),
	(86, 'k9n3q2m5c1o8r', NULL, NULL, NULL, '2021-05-19 14:07:17', 0, 0, '광주 광산구 장덕동'),
	(87, 'k9n3q2m5c1o8r', NULL, NULL, 0, '2021-05-19 14:11:48', 2, 1, '경기 파주시 와동동'),
	(88, 'k9n3q2m5c1o8r', NULL, NULL, 0, '2021-05-19 14:30:34', 2, 2, '경기 파주시 야당동'),
	(89, 'k9n3q2m5c1o8r', NULL, NULL, 0, '2021-05-19 14:34:54', 2, 0, '경기 파주시 와동동'),
	(90, 'k9n3q2m5c1o8r', NULL, NULL, 0, '2021-05-19 14:34:57', 2, 3, '경기 파주시 와동동'),
	(91, 'e7e2l7s5e3l6m', NULL, NULL, 0, '2021-05-19 14:56:50', 2, 1, '경기 파주시 야당동'),
	(92, 'e7e2l7s5e3l6m', NULL, NULL, 0, '2021-05-19 14:57:11', 2, 1, '경기 파주시 야당동'),
	(93, 'c9s7k9j6m6w2f', NULL, NULL, 0, '2021-05-19 14:58:35', 2, 1, '광주 광산구 산정동'),
	(94, 'c9s7k9j6m6w2f', NULL, NULL, 0, '2021-05-19 15:00:49', 2, 1, '광주 광산구 산정동'),
	(95, 'c9s7k9j6m6w2f', NULL, NULL, 0, '2021-05-19 15:01:23', 2, 0, '광주 광산구 산정동'),
	(96, 'c9s7k9j6m6w2f', NULL, NULL, 0, '2021-05-19 15:02:09', 2, 0, '광주 광산구 산정동'),
	(97, 'c9s7k9j6m6w2f', NULL, NULL, 0, '2021-05-19 15:03:04', 2, 0, '광주 광산구 산정동'),
	(98, 'a8n9e2f4n7m9r', NULL, NULL, 0, '2021-05-19 15:03:11', 2, 1, '광주 광산구 수완동'),
	(99, 'c9s7k9j6m6w2f', NULL, NULL, 0, '2021-05-19 15:05:31', 2, 0, '광주 광산구 산정동'),
	(100, 'c9s7k9j6m6w2f', NULL, NULL, 0, '2021-05-19 15:06:31', 2, 0, '광주 광산구 산정동'),
	(101, 'a8n9e2f4n7m9r', NULL, NULL, 0, '2021-05-19 15:07:52', 2, 1, '광주 광산구 수완동'),
	(102, 'e7e2l7s5e3l6m', NULL, NULL, 0, '2021-05-19 15:12:57', 2, 1, '경기 파주시 야당동'),
	(103, 'e7e2l7s5e3l6m', NULL, NULL, 0, '2021-05-19 15:16:48', 2, 1, '경기 파주시 야당동'),
	(104, 'e7e2l7s5e3l6m', NULL, NULL, 0, '2021-05-19 15:17:54', 2, 1, '경기 파주시 야당동'),
	(105, 'e7e2l7s5e3l6m', NULL, NULL, 0, '2021-05-19 15:23:08', 2, 0, '경기 파주시 야당동'),
	(106, 'e7e2l7s5e3l6m', NULL, NULL, 0, '2021-05-19 15:25:10', 2, 0, '경기 파주시 와동동'),
	(107, 'e7e2l7s5e3l6m', NULL, NULL, 0, '2021-05-19 15:29:13', 2, 0, '경기 파주시 와동동'),
	(108, 'e7e2l7s5e3l6m', NULL, NULL, 0, '2021-05-19 15:30:14', 2, 0, '경기 파주시 야당동'),
	(109, 'c9s7k9j6m6w2f', NULL, NULL, 0, '2021-05-19 15:34:41', 2, 1, '광주 광산구 산정동'),
	(110, 'c9s7k9j6m6w2f', NULL, NULL, 0, '2021-05-19 15:35:10', 2, 0, '광주 광산구 산정동'),
	(111, 'a8n9e2f4n7m9r', NULL, NULL, 0, '2021-05-19 15:35:25', 2, 0, '광주 광산구 장덕동'),
	(112, 'a8n9e2f4n7m9r', NULL, NULL, 0, '2021-05-19 15:35:50', 2, 0, '광주 광산구 장덕동'),
	(113, 'c9s7k9j6m6w2f', NULL, NULL, 0, '2021-05-19 15:38:57', 2, 0, '광주 광산구 산정동'),
	(114, 'c9s7k9j6m6w2f', NULL, NULL, 1, '2021-05-19 15:38:59', 2, 0, '광주 광산구 산정동'),
	(115, 'c9s7k9j6m6w2f', NULL, NULL, 1, '2021-05-19 15:40:18', 2, 1, '광주 광산구 산정동'),
	(116, 'c9s7k9j6m6w2f', NULL, NULL, 0, '2021-05-19 16:12:07', 2, 1, '광주 광산구 산정동'),
	(117, 'a8n9e2f4n7m9r', NULL, NULL, NULL, '2021-05-19 16:12:24', 0, 0, '광주 광산구 수완동'),
	(118, 'c9s7k9j6m6w2f', NULL, NULL, 0, '2021-05-19 16:14:54', 2, 0, '광주 광산구 산정동'),
	(119, 'c9s7k9j6m6w2f', NULL, NULL, 0, '2021-05-19 16:15:10', 2, 0, '광주 광산구 산정동'),
	(120, 'c9s7k9j6m6w2f', NULL, NULL, 0, '2021-05-19 17:00:08', 2, 0, '광주 광산구 산정동'),
	(121, 'c9s7k9j6m6w2f', NULL, NULL, 2, '2021-05-19 17:23:42', 2, 1, '광주 광산구 산정동'),
	(122, 'r9o4v2x3k3l4g', NULL, NULL, 3, '2021-05-19 17:24:23', 2, 1, '경기 파주시 야당동'),
	(123, 'r9o4v2x3k3l4g', NULL, NULL, 0, '2021-05-19 17:30:08', 2, 0, '경기 파주시 와동동'),
	(124, 'r9o4v2x3k3l4g', NULL, NULL, 0, '2021-05-19 17:30:14', 2, 1, '경기 파주시 와동동'),
	(125, 'c9s7k9j6m6w2f', NULL, NULL, 0, '2021-05-19 17:58:38', 2, 0, '광주 광산구 산정동'),
	(126, 'o9q3a9p5b5w7q', NULL, NULL, 4, '2021-05-19 17:58:51', 2, 2, '광주 광산구 산정동'),
	(127, 'r9o4v2x3k3l4g', NULL, NULL, NULL, '2021-05-19 17:59:04', 0, 0, '경기 파주시 와동동'),
	(128, 'r9o4v2x3k3l4g', NULL, NULL, 1, '2021-05-19 18:01:19', 2, 2, '경기 파주시 와동동'),
	(129, 'r9o4v2x3k3l4g', NULL, NULL, 0, '2021-05-19 18:02:16', 2, 1, '경기 파주시 야당동'),
	(130, 'o9q3a9p5b5w7q', NULL, NULL, 4, '2021-05-19 18:02:56', 2, 0, '광주 광산구 산정동'),
	(131, 'r9o4v2x3k3l4g', NULL, NULL, 0, '2021-05-19 18:04:36', 2, 1, '경기 파주시 야당동'),
	(132, 'r9o4v2x3k3l4g', NULL, NULL, 1, '2021-05-19 18:06:45', 2, 1, '경기 파주시 야당동'),
	(133, 'r9o4v2x3k3l4g', NULL, NULL, 1, '2021-05-19 18:07:50', 2, 1, '경기 파주시 야당동'),
	(134, 'r9o4v2x3k3l4g', NULL, NULL, 0, '2021-05-19 18:08:24', 2, 1, '경기 파주시 야당동'),
	(135, 'r9o4v2x3k3l4g', NULL, NULL, 3, '2021-05-19 18:10:57', 2, 2, '경기 파주시 와동동'),
	(136, 'r9o4v2x3k3l4g', NULL, NULL, 1, '2021-05-19 18:13:07', 2, 2, '경기 파주시 야당동'),
	(137, 'r9o4v2x3k3l4g', NULL, NULL, 0, '2021-05-19 18:15:03', 2, 0, '경기 파주시 야당동'),
	(138, 'd8a4u1i9w3l8r', NULL, NULL, 0, '2021-05-19 18:16:22', 2, 1, '경기 파주시 야당동'),
	(139, 'd8a4u1i9w3l8r', NULL, NULL, 0, '2021-05-19 18:17:03', 2, 1, '경기 파주시 야당동'),
	(140, 'd8a4u1i9w3l8r', NULL, NULL, NULL, '2021-05-19 18:23:25', 0, 0, '경기 파주시 야당동'),
	(141, 'a8n9e2f4n7m9r', NULL, NULL, 3, '2021-05-19 20:11:52', 2, 1, '광주 광산구 장덕동'),
	(142, 'e7e2l7s5e3l6m', NULL, NULL, 2, '2021-05-19 20:12:03', 2, 1, '광주 광산구 장덕동'),
	(143, 'e7e2l7s5e3l6m', NULL, NULL, NULL, '2021-05-19 20:15:03', 0, 0, '광주 광산구 장덕동'),
	(144, 'a8n9e2f4n7m9r', NULL, NULL, 2, '2021-05-19 20:15:11', 2, 0, '광주 광산구 장덕동'),
	(145, 'a8n9e2f4n7m9r', NULL, NULL, 1, '2021-05-19 20:17:56', 2, 0, '광주 광산구 장덕동'),
	(146, 'a8n9e2f4n7m9r', NULL, NULL, 2, '2021-05-19 20:18:32', 2, 1, '광주 광산구 장덕동'),
	(147, 'a8n9e2f4n7m9r', NULL, NULL, NULL, '2021-05-19 20:20:21', 0, 0, '광주 광산구 장덕동'),
	(148, 'e7a8p2j6e1f9b', NULL, NULL, 5, '2021-05-19 20:20:53', 2, 1, '광주 광산구 장덕동'),
	(149, 'e7e2l7s5e3l6m', NULL, NULL, 2, '2021-05-19 23:21:26', 2, 1, '경기 파주시 야당동'),
	(150, 'e7e2l7s5e3l6m', NULL, NULL, 0, '2021-05-19 23:23:34', 2, 1, '경기 파주시 와동동'),
	(151, 'e7e2l7s5e3l6m', NULL, NULL, 1, '2021-05-19 23:23:44', 2, 1, '경기 파주시 와동동'),
	(152, 'e7e2l7s5e3l6m', NULL, NULL, 0, '2021-05-19 23:24:31', 2, 1, '경기 파주시 와동동'),
	(153, 'e7e2l7s5e3l6m', NULL, NULL, 0, '2021-05-19 23:40:16', 2, 1, '경기 파주시 와동동'),
	(154, 'e7e2l7s5e3l6m', NULL, NULL, 1, '2021-05-19 23:46:23', 2, 2, '경기 파주시 야당동'),
	(155, 'e7e2l7s5e3l6m', NULL, NULL, 0, '2021-05-19 23:47:39', 2, 0, '경기 파주시 야당동'),
	(156, 'g7u7l8w4l1x2q', NULL, NULL, 0, '2021-05-19 23:48:07', 2, 1, '경기 파주시 야당동'),
	(157, 'g7u7l8w4l1x2q', NULL, NULL, 4, '2021-05-20 00:03:32', 2, 1, '경기 파주시 와동동'),
	(158, 'g7u7l8w4l1x2q', NULL, NULL, 1, '2021-05-20 00:07:48', 2, 1, '경기 파주시 야당동'),
	(159, 'g7u7l8w4l1x2q', NULL, NULL, 0, '2021-05-20 00:08:02', 2, 1, '경기 파주시 야당동'),
	(160, 'g7u7l8w4l1x2q', NULL, NULL, 0, '2021-05-20 00:08:42', 2, 1, '경기 파주시 야당동'),
	(161, 'e7e2l7s5e3l6m', NULL, NULL, 1, '2021-05-20 00:23:59', 2, 1, '경기 파주시 야당동'),
	(162, 'e7e2l7s5e3l6m', NULL, NULL, 0, '2021-05-20 00:26:08', 2, 0, '경기 파주시 야당동'),
	(163, 'e7e2l7s5e3l6m', NULL, NULL, 0, '2021-05-20 00:26:20', 2, 1, '경기 파주시 야당동'),
	(164, 'e7e2l7s5e3l6m', NULL, NULL, 1, '2021-05-20 01:40:25', 2, 1, '경기 파주시 야당동'),
	(165, 'd8a4u1i9w3l8r', NULL, NULL, 1, '2021-05-20 09:39:01', 2, 0, '경기 파주시 야당동'),
	(166, 'd8a4u1i9w3l8r', NULL, NULL, 0, '2021-05-20 09:39:07', 2, 1, '경기 파주시 야당동'),
	(167, 'd8a4u1i9w3l8r', NULL, NULL, 0, '2021-05-20 09:51:32', 2, 1, '경기 파주시 야당동'),
	(168, 'd8a4u1i9w3l8r', NULL, NULL, 0, '2021-05-20 09:52:58', 2, 0, '경기 파주시 야당동'),
	(169, 'd8a4u1i9w3l8r', NULL, NULL, 1, '2021-05-20 09:56:57', 2, 1, '경기 파주시 와동동'),
	(173, 'a8n9e2f4n7m9r', NULL, NULL, 0, '2021-05-20 11:39:11', 2, 1, '광주 광산구 수완동'),
	(174, 'v4w9f5p2b7c2n', NULL, NULL, 2, '2021-05-20 11:50:54', 2, 1, '서울 성북구 하월곡동'),
	(175, 'v4w9f5p2b7c2n', NULL, NULL, NULL, '2021-05-20 11:53:02', 0, 0, ''),
	(176, 'v4w9f5p2b7c2n', NULL, NULL, 0, '2021-05-20 11:55:28', 2, 0, '서울 성북구 하월곡동'),
	(177, 'v4w9f5p2b7c2n', NULL, NULL, NULL, '2021-05-20 11:55:53', 0, 0, ''),
	(178, 'd9s6e3h8f1v1b', NULL, NULL, 7, '2021-05-20 14:32:54', 2, 2, '광주 광산구 산정동'),
	(179, 'r9o4v2x3k3l4g', NULL, NULL, 0, '2021-05-20 15:08:46', 2, 0, '경기 파주시 야당동'),
	(180, 'y2a6u8c5v7o5f', NULL, NULL, NULL, '2021-05-20 15:32:01', 0, 0, '광주 광산구 산정동'),
	(181, 'r9o4v2x3k3l4g', NULL, NULL, 0, '2021-05-20 15:33:54', 2, 1, '경기 파주시 야당동'),
	(182, 'y2a6u8c5v7o5f', NULL, NULL, 4, '2021-05-20 15:45:17', 2, 3, '광주 광산구 산정동'),
	(183, 'y2a6u8c5v7o5f', NULL, NULL, 10, '2021-05-20 15:49:25', 2, 5, '광주 광산구 산정동'),
	(184, 'r9o4v2x3k3l4g', NULL, NULL, 0, '2021-05-20 16:33:05', 2, 1, '경기 파주시 야당동'),
	(185, 'r9o4v2x3k3l4g', NULL, NULL, 0, '2021-05-20 16:34:18', 2, 1, '경기 파주시 야당동'),
	(186, 'g6z9n8f7w2y8c', NULL, NULL, 0, '2021-05-20 17:03:01', 2, 1, '경기 파주시 와동동'),
	(187, 'v4w9f5p2b7c2n', NULL, NULL, 27, '2021-05-20 19:33:56', 2, 6, '서울 성북구 하월곡동'),
	(188, 'a8n9e2f4n7m9r', NULL, NULL, 2, '2021-05-20 19:49:55', 2, 0, '광주 광산구 장덕동'),
	(189, 'e7e2l7s5e3l6m', NULL, NULL, 1, '2021-05-20 19:49:57', 2, 0, '광주 광산구 장덕동'),
	(190, 'e7e2l7s5e3l6m', NULL, NULL, 3, '2021-05-20 19:51:36', 2, 3, '광주 광산구 장덕동'),
	(191, 'a8n9e2f4n7m9r', NULL, NULL, 3, '2021-05-20 19:51:37', 2, 0, '광주 광산구 장덕동'),
	(192, 'a8n9e2f4n7m9r', NULL, NULL, NULL, '2021-05-20 19:54:19', 0, 0, '광주 광산구 장덕동'),
	(193, 'a8n9e2f4n7m9r', NULL, NULL, NULL, '2021-05-20 19:54:26', 0, 0, '광주 광산구 장덕동'),
	(194, 'v4w9f5p2b7c2n', NULL, NULL, NULL, '2021-05-20 20:00:56', 0, 0, ''),
	(195, 'a8i2y1k6g4a8t', NULL, NULL, 0, '2021-05-20 22:21:21', 2, 1, '광주 서구 쌍촌동'),
	(196, 'a8n9e2f4n7m9r', NULL, NULL, 1, '2021-05-20 23:32:27', 2, 1, '광주 광산구 장덕동');
/*!40000 ALTER TABLE `Walk` ENABLE KEYS */;

/*!40101 SET SQL_MODE=IFNULL(@OLD_SQL_MODE, '') */;
/*!40014 SET FOREIGN_KEY_CHECKS=IF(@OLD_FOREIGN_KEY_CHECKS IS NULL, 1, @OLD_FOREIGN_KEY_CHECKS) */;
/*!40101 SET CHARACTER_SET_CLIENT=@OLD_CHARACTER_SET_CLIENT */;
/*!40111 SET SQL_NOTES=@OLD_SQL_NOTES */;
